지점,지점명,일시,평균기온(°C),최저기온(°C),최고기온(°C),일강수량(mm),최대 풍속(m/s),평균 풍속(m/s)
108,서울,1907-10-01,13.5,7.9,20.7,,3.7,2.5
108,서울,1907-10-02,16.2,7.9,22,.2,2.2,1.1
108,서울,1907-10-03,16.2,13.1,21.3,2.4,6.2,2.3
108,서울,1907-10-04,16.5,11.2,22,,1.7,1.3
108,서울,1907-10-05,17.6,10.9,25.4,,2.4,1.7
108,서울,1907-10-06,13,11.2,21.3,24.8,6.2,2.8
108,서울,1907-10-07,11.3,6.3,16.1,,3.7,3.9
108,서울,1907-10-08,8.9,3.9,14.9,,.6,.9
108,서울,1907-10-09,11.6,3.8,21.1,,1.9,1
108,서울,1907-10-10,14.2,6.4,24.1,,1.9,1.7
108,서울,1907-10-11,15.4,10.1,20.4,0,3.8,1.2
108,서울,1907-10-12,13.9,11.1,17.4,1.6,5.6,1.2
108,서울,1907-10-13,13.8,8.3,21.3,,2.9,1.7
108,서울,1907-10-14,13,6.1,20.6,,3.4,1.9
108,서울,1907-10-15,13.1,5.7,20.9,,1.2,1.3
108,서울,1907-10-16,14.1,8.2,20.2,,5.8,1.3
108,서울,1907-10-17,16.4,10.3,21.6,,5.8,4.7
108,서울,1907-10-18,14.3,9.8,20.9,,4.4,3.5
108,서울,1907-10-19,13.9,6.7,21.3,,1.7,1.1
108,서울,1907-10-20,18.3,12.4,22.7,,7.5,5.3
108,서울,1907-10-21,15.2,10.7,19.9,1.7,1.7,3.3
108,서울,1907-10-22,15.4,12.1,19.6,8.8,3.2,3
108,서울,1907-10-23,13.1,8.1,16.3,6.4,8.5,4
108,서울,1907-10-24,9.7,3.3,17.1,,2.4,1.8
108,서울,1907-10-25,12.7,6.2,18.7,.5,3.2,1.9
108,서울,1907-10-26,11.8,7.2,18.2,0,3.6,1.2
108,서울,1907-10-27,14,7.7,20.7,,2.5,1.6
108,서울,1907-10-28,13.8,8.4,19.6,.5,6.5,2.2
108,서울,1907-10-29,14.3,10.7,20,.1,6.1,2.2
108,서울,1907-10-30,12.2,6.7,20.1,,3.7,1.8
108,서울,1907-10-31,13.4,5.2,20.3,,5.4,1.7
108,서울,1907-11-01,16.1,11.7,21.3,,3.9,2.2
108,서울,1907-11-02,14.2,9.1,21.1,9.1,6.4,3.6
108,서울,1907-11-03,6.4,2.3,11.1,,7.7,2.9
108,서울,1907-11-04,5.9,-1,13.6,,.7,1.5
108,서울,1907-11-05,8.6,1.7,17,0,2.7,1.1
108,서울,1907-11-06,9.5,3.6,18.1,,3.7,1.5
108,서울,1907-11-07,5.7,0,12.4,4.3,11,5.1
108,서울,1907-11-08,4.1,-.7,9.4,,3.1,1.6
108,서울,1907-11-09,6.9,.7,11.9,.3,4.9,1.1
108,서울,1907-11-10,7.9,1.7,13.2,0,1.6,.6
108,서울,1907-11-11,10.3,8.2,13.4,19.3,3,3.4
108,서울,1907-11-12,9.9,5.4,14.9,,4.2,1.9
108,서울,1907-11-13,9.5,3.7,16.4,,.2,.6
108,서울,1907-11-14,9.5,5.1,15.2,,.3,1
108,서울,1907-11-15,11.3,3.9,17.6,,2.2,1.3
108,서울,1907-11-16,11.6,10.1,12.6,5.4,1.8,1.3
108,서울,1907-11-17,6.6,.7,11.7,,8.4,6.9
108,서울,1907-11-18,.6,-2.7,6.7,,3.1,2.4
108,서울,1907-11-19,.4,-2.5,4.3,,3.2,1.5
108,서울,1907-11-20,2.7,-1.2,7.1,,7.1,2.3
108,서울,1907-11-21,2.2,-3.5,6.2,,2.8,1.7
108,서울,1907-11-22,8.9,3.2,11.2,0,6.1,5.9
108,서울,1907-11-23,7.7,5.9,9.9,11.9,4.4,4.7
108,서울,1907-11-24,-1.1,-5,5.9,,10.2,7.3
108,서울,1907-11-25,-4.5,-7.3,-.7,,.2,2
108,서울,1907-11-26,-1,-5.7,1.5,.5,4.9,2.5
108,서울,1907-11-27,-1.1,-6.1,1.9,,14.7,4.1
108,서울,1907-11-28,-2.7,-8.5,2,,2.7,1.2
108,서울,1907-11-29,-.2,-4.6,2.9,3.6,4,2.9
108,서울,1907-11-30,-6.6,-8.9,-2.4,,11.4,5.5
108,서울,1907-12-01,-4.6,-10.5,1.4,,5.1,1.7
108,서울,1907-12-02,-3.1,-9,3.4,,2.4,1
108,서울,1907-12-03,1.9,-2.6,6.1,.2,5.8,1.3
108,서울,1907-12-04,-1.2,-2.7,1.3,,5.9,3.3
108,서울,1907-12-05,-1,-6.9,2.6,0,2.3,2.1
108,서울,1907-12-06,-1.3,-6.1,5.8,2.1,5.7,5.8
108,서울,1907-12-07,-4.1,-9.3,1.9,,1.9,1
108,서울,1907-12-08,-1.1,-7.2,6.6,,1.6,1
108,서울,1907-12-09,3.2,-4.3,8.1,2.3,6.6,1.3
108,서울,1907-12-10,-1.4,-5.1,4.3,,6.5,5.3
108,서울,1907-12-11,-2.3,-7.1,.6,0,7.7,1.5
108,서울,1907-12-12,-.1,-3.1,3.8,8.4,6.1,2.1
108,서울,1907-12-13,4,-3.5,9,.7,5.4,2.5
108,서울,1907-12-14,-6,-9.9,6.4,,9.2,7.6
108,서울,1907-12-15,-8.1,-11.9,-5.1,,3.7,2.1
108,서울,1907-12-16,-7.3,-11.9,-2.4,,6,2
108,서울,1907-12-17,-7.3,-13.2,-2.1,,2.4,1.1
108,서울,1907-12-18,-5.5,-12.3,-.4,,5.4,1.5
108,서울,1907-12-19,-6.5,-11.9,-.2,,2.3,1.2
108,서울,1907-12-20,-2.9,-8.1,1.9,9.6,16,8.2
108,서울,1907-12-21,-12.1,-14.8,-8.1,,9.9,8.4
108,서울,1907-12-22,-13.4,-18,-10.2,,5.1,4.3
108,서울,1907-12-23,-13.3,-20.1,-9.4,,4.9,1.7
108,서울,1907-12-24,-3.2,-9.7,.9,.2,5.2,3.5
108,서울,1907-12-25,3.5,1.1,6.8,,3.3,1.4
108,서울,1907-12-26,3.2,-1.9,6.4,.2,7.7,3.8
108,서울,1907-12-27,-3.8,-6.3,-.7,,4.7,4
108,서울,1907-12-28,-4.6,-9.6,-1.9,1.1,8.7,4
108,서울,1907-12-29,-9,-13.5,-4.4,,4.1,3.3
108,서울,1907-12-30,-9.2,-14.2,-6.1,,2.6,2.2
108,서울,1907-12-31,-4,-7.1,-2.1,.4,3.4,2.2
108,서울,1908-01-01,-5.9,-9.1,-1.3,0,5.4,3.5
108,서울,1908-01-02,-7.7,-13.9,-3,0,3.2,1.5
108,서울,1908-01-03,-6.2,-10.8,-2.9,0,7.3,3.9
108,서울,1908-01-04,-7.5,-12.8,-1.7,0,6.8,1.8
108,서울,1908-01-05,-4.8,-11.3,-.1,0,1.5,.9
108,서울,1908-01-06,-1.1,-5.1,2.9,0,6.1,1.4
108,서울,1908-01-07,-4.4,-6.7,-1.2,.2,6.6,4.1
108,서울,1908-01-08,-6.3,-10.4,-.9,0,4.4,2.3
108,서울,1908-01-09,-3.2,-9.3,2,0,1.3,1.1
108,서울,1908-01-10,.3,-4.5,3.3,0,2.4,1.8
108,서울,1908-01-11,1.7,-1,4.8,2.4,3.7,1.9
108,서울,1908-01-12,2,-1.3,4.5,.4,1.8,.2
108,서울,1908-01-13,1.4,-3.7,4.7,.1,5.5,2.7
108,서울,1908-01-14,-3.2,-7.4,.1,0,2.5,1.2
108,서울,1908-01-15,-1.9,-4.5,.9,,4.9,3.8
108,서울,1908-01-16,-8.9,-11.2,-4.5,,8.2,5.2
108,서울,1908-01-17,-6.5,-11.3,-3.6,.5,6.7,3.8
108,서울,1908-01-18,1.1,-3.9,2.8,.5,.5,1.9
108,서울,1908-01-19,1.7,1.3,2.8,2.8,2.6,2
108,서울,1908-01-20,-1.1,-7.4,2.3,3.6,9.6,5.6
108,서울,1908-01-21,-9.1,-11.2,-6.1,,5.7,4.2
108,서울,1908-01-22,-9.7,-14.3,-5.1,0,.2,1.3
108,서울,1908-01-23,-7.1,-13.4,-2.7,.1,2.7,.8
108,서울,1908-01-24,-2,-4.7,.1,.1,1.6,.4
108,서울,1908-01-25,-1.2,-2.4,.3,.6,4.6,1.7
108,서울,1908-01-26,-4.1,-6.4,-.6,0,2.4,2.3
108,서울,1908-01-27,-4.4,-9.9,0,0,5.7,3.9
108,서울,1908-01-28,-6.1,-10.8,-1.3,,2.3,1.4
108,서울,1908-01-29,-3.5,-10.7,.8,0,2.4,.8
108,서울,1908-01-30,-1.1,-2.2,.8,.9,5.3,1.3
108,서울,1908-01-31,1.4,-2.4,6.2,6,4.4,1.1
108,서울,1908-02-01,-2.2,-6.4,1.6,0,1.5,1.1
108,서울,1908-02-02,-3.1,-7.5,-.2,,6.5,3.5
108,서울,1908-02-03,-8,-10.8,-5.4,0,7.2,3.1
108,서울,1908-02-04,-7,-10.3,-4.1,,2.9,2.9
108,서울,1908-02-05,-8.5,-11.6,-5.5,,11,5.5
108,서울,1908-02-06,-10.4,-13.3,-5.7,,6.1,5.5
108,서울,1908-02-07,-9.6,-15.8,-3.7,0,3.2,1.8
108,서울,1908-02-08,-5,-11.3,1.3,.4,7.2,3.1
108,서울,1908-02-09,-7.6,-11.4,-4.1,,4.8,4.1
108,서울,1908-02-10,-7,-10.6,-2.5,,6.9,2.8
108,서울,1908-02-11,-6.4,-9.9,-2.8,,6.4,3.1
108,서울,1908-02-12,-7,-12.4,-1.2,0,1.5,2.1
108,서울,1908-02-13,-5.3,-12.3,1.3,0,3.6,1.3
108,서울,1908-02-14,-3.3,-7.5,2.3,0,4.6,2
108,서울,1908-02-15,-3.9,-9.8,2,0,6.3,2.4
108,서울,1908-02-16,-5.2,-8.8,-1.4,,8.7,5
108,서울,1908-02-17,-7.5,-13,-1.6,0,6.4,3
108,서울,1908-02-18,-5.6,-12.9,.3,0,3.3,2.3
108,서울,1908-02-19,-3.3,-11,5.5,0,3.7,1.5
108,서울,1908-02-20,-.7,-8.4,7.3,0,2.8,1.6
108,서울,1908-02-21,-.4,-4.7,5.1,0,5.7,1.5
108,서울,1908-02-22,-.1,-3.8,5.4,0,4.9,2.4
108,서울,1908-02-23,-2.6,-6.2,2.7,0,6.6,3.6
108,서울,1908-02-24,-3.6,-7.8,1.7,,7.7,3.7
108,서울,1908-02-25,-4.1,-8.7,.8,0,4.4,2.5
108,서울,1908-02-26,-2.3,-7.9,4.1,0,2.4,.9
108,서울,1908-02-27,2.3,-6.3,8.4,0,2.4,1.2
108,서울,1908-02-28,5.1,2.6,6.3,23.1,9.9,8
108,서울,1908-02-29,4.6,3.5,5.6,5.6,2.9,3
108,서울,1908-03-01,.7,-4.8,4,.3,7.6,5.9
108,서울,1908-03-02,-3.8,-7.4,.1,,2.2,2.4
108,서울,1908-03-03,1.9,-2.7,4.9,0,4.4,4.1
108,서울,1908-03-04,2,.8,4,2.4,5.7,3.9
108,서울,1908-03-05,3,-.2,7.9,,1.6,1.5
108,서울,1908-03-06,3.3,-.5,7.9,0,2.3,1
108,서울,1908-03-07,.6,-1.6,2.2,.1,11.5,4.3
108,서울,1908-03-08,-1.8,-4.9,1.9,,5.7,3.1
108,서울,1908-03-09,-1.2,-3.5,1.5,,2.2,2.3
108,서울,1908-03-10,-.6,-1.8,1.5,.4,8.3,3.9
108,서울,1908-03-11,-1.9,-4.5,1.8,,8.5,8.1
108,서울,1908-03-12,-1.7,-5.3,2.6,,8.5,3.9
108,서울,1908-03-13,-1.3,-5.9,3.8,,9.7,5.2
108,서울,1908-03-14,0,-5.2,6.7,,3.9,2.6
108,서울,1908-03-15,4.7,-2.2,11.8,0,4.7,3.2
108,서울,1908-03-16,6,-1.4,13.5,0,2.2,1.6
108,서울,1908-03-17,9.1,3.8,15.7,,3.1,2.4
108,서울,1908-03-18,4.6,.7,10.7,,6.2,3.6
108,서울,1908-03-19,2,-1.3,7.9,,6.7,3.5
108,서울,1908-03-20,.1,-3.9,4.3,,7.4,5.5
108,서울,1908-03-21,1.4,-1.8,6,,8.1,4.3
108,서울,1908-03-22,2.9,-4.5,12.5,,6.4,2.5
108,서울,1908-03-23,7.9,-.4,17,,11.6,5.1
108,서울,1908-03-24,7.7,2.7,14.7,0,6.7,3.6
108,서울,1908-03-25,5.4,-.3,11.4,,3.8,1.7
108,서울,1908-03-26,3.3,-2.2,7.4,,8.2,5.5
108,서울,1908-03-27,.8,-5.8,8,,4.7,2.8
108,서울,1908-03-28,8.1,-1.8,15.5,,4.7,2.6
108,서울,1908-03-29,12.7,7.4,18.2,9.1,15.2,7.4
108,서울,1908-03-30,8.1,5.3,11.4,.1,7.7,6.3
108,서울,1908-03-31,6.5,-.2,13.2,,1.3,1.8
108,서울,1908-04-01,8.5,5.1,14.8,,7.1,4
108,서울,1908-04-02,8.3,4.1,14.9,,5.2,4
108,서울,1908-04-03,8.4,4.4,11.1,0,2.2,1.6
108,서울,1908-04-04,11.3,7.5,15,,10.7,5.8
108,서울,1908-04-05,7.4,6.5,9.9,.5,8.7,4.9
108,서울,1908-04-06,6.8,4.6,10.6,,9.7,6.7
108,서울,1908-04-07,6.5,-.7,13.6,,2.7,2.1
108,서울,1908-04-08,10.2,4.8,17.2,,7.6,4.9
108,서울,1908-04-09,10.5,5.1,16.9,,6.7,5.8
108,서울,1908-04-10,10.9,6.6,17.1,,5.7,4.4
108,서울,1908-04-11,10.4,7.1,13.6,0,7.2,2.5
108,서울,1908-04-12,8.6,6.9,9.4,2.2,4.4,1.8
108,서울,1908-04-13,7.7,2.9,14.1,,5.9,4.5
108,서울,1908-04-14,7.1,.1,14.8,,2.4,2.5
108,서울,1908-04-15,8.9,.6,18.6,,7.4,2.6
108,서울,1908-04-16,8.4,4.2,14.4,,6.4,3.2
108,서울,1908-04-17,9.8,1.9,18.8,0,3.1,3.2
108,서울,1908-04-18,11,2,20.4,,5.3,2.9
108,서울,1908-04-19,11.8,3,22.7,,6.8,2.1
108,서울,1908-04-20,14.4,4.7,22.9,,6.7,3.6
108,서울,1908-04-21,14,11.3,17.4,12,3.3,3.3
108,서울,1908-04-22,14.2,10.2,21.1,,5.7,2.8
108,서울,1908-04-23,14,5.3,21.6,0,4.7,3.3
108,서울,1908-04-24,10.8,4.2,20.9,2.3,6.4,4.8
108,서울,1908-04-25,8,3.4,13.3,,4.7,4.4
108,서울,1908-04-26,10.1,6.4,16.4,,3.8,3.3
108,서울,1908-04-27,9.4,4.4,14.2,,8.1,4.9
108,서울,1908-04-28,9,2.2,17.1,,6.2,4.6
108,서울,1908-04-29,10.8,1.5,19.6,,4.8,2.9
108,서울,1908-04-30,14.6,7.1,22.2,,2.7,1.9
108,서울,1908-05-01,16.3,8.1,24.2,,5.5,3.4
108,서울,1908-05-02,12.3,9.9,16.1,16.5,6.1,3.8
108,서울,1908-05-03,13.6,9.7,19,,4.6,2.3
108,서울,1908-05-04,12.3,5.2,20.1,,6.5,3.4
108,서울,1908-05-05,13.9,8.2,20.5,,6.9,3.9
108,서울,1908-05-06,15,7.9,22.9,0,10.5,4.3
108,서울,1908-05-07,16.9,9.8,24.6,,9.7,3
108,서울,1908-05-08,17.1,11.2,24.3,,13.7,4.5
108,서울,1908-05-09,17.3,13.3,23.5,.2,7.7,4.2
108,서울,1908-05-10,18,13.6,24.9,1,11.7,3.2
108,서울,1908-05-11,13,10.2,17.9,,5.7,5.6
108,서울,1908-05-12,9.2,7.6,14.3,3.9,9.7,5.9
108,서울,1908-05-13,12.3,6.3,17.3,0,9.4,5.4
108,서울,1908-05-14,12.5,5.7,20.1,,7.8,4.4
108,서울,1908-05-15,14.8,5.5,24,,.9,2.3
108,서울,1908-05-16,13.3,10.9,18.5,5.6,8.7,2.1
108,서울,1908-05-17,14,11.1,18,5,11.5,5.7
108,서울,1908-05-18,15.2,8.2,23.2,,9.9,5.6
108,서울,1908-05-19,16.7,10.9,24.2,,9.8,3.7
108,서울,1908-05-20,15.7,12.7,21,1.7,4.8,4.3
108,서울,1908-05-21,15.9,8.9,24.1,0,7.8,2.7
108,서울,1908-05-22,13.8,12.4,18,5.9,8.7,3.2
108,서울,1908-05-23,13.6,10.8,19.2,.8,7.3,5
108,서울,1908-05-24,14.2,9.5,19.5,.1,2.2,2.3
108,서울,1908-05-25,16.7,10.2,25.2,,12.2,2.8
108,서울,1908-05-26,16.8,12.3,22.1,1.5,10.4,2.2
108,서울,1908-05-27,16.7,15,18.5,21,4.7,4.1
108,서울,1908-05-28,16.9,13.1,20.8,.1,9,6.6
108,서울,1908-05-29,15.9,11.2,21.4,8,3.7,4.7
108,서울,1908-05-30,16.9,10.6,24.5,,3.3,3
108,서울,1908-05-31,13.6,10.4,23.5,,6.7,3.5
108,서울,1908-06-01,18.8,13.5,26.2,0,6.9,3.5
108,서울,1908-06-02,19.4,13,28,,5.2,3.2
108,서울,1908-06-03,20.3,14.3,28.3,,9.1,3.2
108,서울,1908-06-04,20,12.7,29.1,,4.8,3.2
108,서울,1908-06-05,18,14.4,24.9,.3,4.2,2.6
108,서울,1908-06-06,19.1,15.8,24.8,,8.4,4.6
108,서울,1908-06-07,18.9,15.3,24.8,,8.1,5.5
108,서울,1908-06-08,19.3,11.6,27.5,0,7.7,3.7
108,서울,1908-06-09,20.7,12.6,28.9,,4.5,2.6
108,서울,1908-06-10,20.3,14.5,27.5,,4.7,2.8
108,서울,1908-06-11,21.5,15.9,28.9,0,4.4,2.5
108,서울,1908-06-12,19.7,17,24.5,14.2,4.5,2.7
108,서울,1908-06-13,20.8,16.6,26.1,,5.2,2.5
108,서울,1908-06-14,21.2,17,27.6,4.3,3.3,3.5
108,서울,1908-06-15,23.1,17.3,29.5,0,5.2,2.8
108,서울,1908-06-16,21.2,18.1,26.5,0,4.1,2.5
108,서울,1908-06-17,21.1,15.5,27,1.7,7.6,2.5
108,서울,1908-06-18,18.8,17,23.5,28.7,11.6,8.4
108,서울,1908-06-19,17.6,16.6,21.2,11.3,6.5,5.6
108,서울,1908-06-20,20.3,16.8,25.8,0,1.7,1.5
108,서울,1908-06-21,21.6,16.7,28,,5.5,1.9
108,서울,1908-06-22,23.6,18.6,29.1,,2.6,2.1
108,서울,1908-06-23,24.4,18.3,32.4,.1,1.7,2.2
108,서울,1908-06-24,23.7,19.5,31,,6.4,3
108,서울,1908-06-25,20.1,18.7,22.1,12.3,7.7,5.1
108,서울,1908-06-26,22.9,18.5,29.4,5.1,3.3,3.3
108,서울,1908-06-27,23.7,19.3,29.6,,3.2,2.3
108,서울,1908-06-28,20.6,19.5,23,20.1,7.4,5
108,서울,1908-06-29,22.1,19.3,26.4,,5,3.5
108,서울,1908-06-30,19.5,16.3,23.5,9,8.4,3.4
108,서울,1908-07-01,20.1,15.9,23.7,6,4.7,4.5
108,서울,1908-07-02,20.3,16.7,25.9,.4,5.7,3.3
108,서울,1908-07-03,22.3,16.6,28.5,,2.4,2
108,서울,1908-07-04,20.2,18.2,23,,5.9,4.1
108,서울,1908-07-05,20.7,16.5,26.5,,7.9,6.2
108,서울,1908-07-06,21.3,14.7,27.2,,4.2,4
108,서울,1908-07-07,23.5,17.3,30.3,,5.2,3.8
108,서울,1908-07-08,23.1,19.5,27.6,.9,4,3
108,서울,1908-07-09,20.9,19.7,23.2,30.6,4.7,4.2
108,서울,1908-07-10,20.9,19.7,22.3,3.2,5.3,2.5
108,서울,1908-07-11,23.8,20.1,29.2,,3.8,3.4
108,서울,1908-07-12,24.8,19.8,30.4,,3.3,1.7
108,서울,1908-07-13,24.3,20.7,29.6,,4.9,3.4
108,서울,1908-07-14,25.3,20,31.2,,4.4,1.9
108,서울,1908-07-15,23,20.6,26.5,,6.7,6.1
108,서울,1908-07-16,23.3,18.8,29.7,,2.9,2.8
108,서울,1908-07-17,24.2,19.7,30.3,,4.7,2.9
108,서울,1908-07-18,24.6,19.5,31.5,,1.7,2.5
108,서울,1908-07-19,25.9,21.8,29.4,0,3.1,2.5
108,서울,1908-07-20,22.5,20.5,26,65.2,9.2,4.2
108,서울,1908-07-21,21.1,19.8,22.2,140.9,5.7,5.4
108,서울,1908-07-22,22.9,21.6,25.3,111.5,4.4,3.7
108,서울,1908-07-23,24.5,22.5,28.3,21.1,4.7,2.3
108,서울,1908-07-24,26.6,22.4,32.9,0,5.7,2.2
108,서울,1908-07-25,25.5,23.7,27.8,17.1,9.2,5.5
108,서울,1908-07-26,24.7,23.2,27,2.7,4.7,5
108,서울,1908-07-27,24.8,23,27.5,16.5,5.2,3.9
108,서울,1908-07-28,26.3,23.3,29.7,4.8,7.4,3.3
108,서울,1908-07-29,26.6,24.7,29.8,0,10.2,5.2
108,서울,1908-07-30,24.8,23.8,26.7,29.9,8.1,6.1
108,서울,1908-07-31,24.9,23.6,27.8,79.5,5,4.2
108,서울,1908-08-01,26.2,24.4,29.6,6.8,5.5,3.7
108,서울,1908-08-02,26.4,23.3,30.7,,4.8,2.6
108,서울,1908-08-03,26.9,24.2,32,,3.1,2
108,서울,1908-08-04,26.3,22.6,31.5,,5,2.9
108,서울,1908-08-05,27.3,23.6,32.4,,4.1,2.4
108,서울,1908-08-06,27.5,23.7,33.6,,5.5,2.6
108,서울,1908-08-07,26,23.4,30.9,,5.2,3.5
108,서울,1908-08-08,24.6,20.7,29.5,,4.6,2.8
108,서울,1908-08-09,22.4,19.8,26.7,1.6,5.7,2.6
108,서울,1908-08-10,24.7,22,26.8,6.7,5.2,5
108,서울,1908-08-11,25.4,21.9,30.5,5.7,4.2,3.5
108,서울,1908-08-12,25.2,22.2,30.5,2.4,3.4,2.4
108,서울,1908-08-13,24.9,22.1,29,6.4,3.3,2.1
108,서울,1908-08-14,25.2,23,28.9,,5.3,3.8
108,서울,1908-08-15,25.5,21.7,30.4,,3.2,1.5
108,서울,1908-08-16,25.2,21.1,31.7,,2,1.7
108,서울,1908-08-17,25.6,21.1,32,,3.9,2
108,서울,1908-08-18,25.6,20.3,33.3,,4,1.6
108,서울,1908-08-19,25.8,21,32.5,,3.7,1.8
108,서울,1908-08-20,27.1,21.8,33.5,,3.7,2
108,서울,1908-08-21,25.9,23.5,31.1,8.8,6.7,4.5
108,서울,1908-08-22,23.3,20.7,26.7,,2.7,3
108,서울,1908-08-23,22.6,19.6,26.1,0,2.2,2.2
108,서울,1908-08-24,22.8,18.1,27.5,,9.9,4.8
108,서울,1908-08-25,19.1,18,23.9,46.5,7.2,5.8
108,서울,1908-08-26,19.7,18,21.3,45.1,7.2,5.4
108,서울,1908-08-27,20.2,19,23.3,30.4,10.4,8.3
108,서울,1908-08-28,22,19.1,26,.1,9,2.7
108,서울,1908-08-29,21.9,18.1,27.7,0,4.4,2.2
108,서울,1908-08-30,21.2,14.8,27.9,,1.9,1.6
108,서울,1908-08-31,21.8,17.5,27.2,,5.5,4.6
108,서울,1908-09-01,21.3,16.5,27.1,,5.2,4.8
108,서울,1908-09-02,21.7,17,26.8,,5.2,5.7
108,서울,1908-09-03,21.7,17,26.8,,7.7,4.2
108,서울,1908-09-04,23,19.3,27.5,,5.6,6
108,서울,1908-09-05,23.8,19.6,28.7,,5.3,5.2
108,서울,1908-09-06,22.1,18.2,27,,6.3,4.8
108,서울,1908-09-07,21.1,17.9,28,,5,3.9
108,서울,1908-09-08,21.3,18.3,25.5,0,5.3,4.4
108,서울,1908-09-09,20.9,17.9,26.7,1.3,3,2.4
108,서울,1908-09-10,21.8,17.3,26.1,0,4.1,2.2
108,서울,1908-09-11,19.7,17.9,23.4,14.5,6.2,6.4
108,서울,1908-09-12,19.7,17.6,23.2,3.3,9,6.8
108,서울,1908-09-13,18.9,14.8,23.7,,7,5.1
108,서울,1908-09-14,17.1,12.2,23.1,,3.2,2.9
108,서울,1908-09-15,18.7,13.5,24.4,19.3,8.2,2.3
108,서울,1908-09-16,21.2,17.9,26.8,,5.2,1.9
108,서울,1908-09-17,20.5,15.6,25.6,,2.9,2.9
108,서울,1908-09-18,20.8,15.7,26.2,1.6,2.6,1.6
108,서울,1908-09-19,18.8,16.2,22.2,21.4,10.5,7
108,서울,1908-09-20,16.5,11.7,21.4,,7.5,3.9
108,서울,1908-09-21,18.1,12.2,24.2,3.6,10.3,3.7
108,서울,1908-09-22,15.6,10.7,21.8,0,6.7,2.1
108,서울,1908-09-23,15.8,11.6,20.5,0,5.2,3.7
108,서울,1908-09-24,14.9,9,22,,2.4,1.9
108,서울,1908-09-25,16.7,9.3,25,,3,1.9
108,서울,1908-09-26,18.1,11,27.4,0,2.7,1.3
108,서울,1908-09-27,18.5,11.4,27.4,0,2.7,1.5
108,서울,1908-09-28,18.1,11.3,25.7,0,2.7,1.5
108,서울,1908-09-29,17.9,12.3,23.8,0,4.5,4.1
108,서울,1908-09-30,15.5,9.9,21.8,.3,3.7,2.5
108,서울,1908-10-01,13.8,8.7,19,0,4.6,3.1
108,서울,1908-10-02,13.3,6.9,20.8,,3.5,2.1
108,서울,1908-10-03,14.7,8.5,22,0,1.8,1.3
108,서울,1908-10-04,15.8,10,23.4,0,2.3,1.3
108,서울,1908-10-05,16.4,11,23,0,4.3,1.7
108,서울,1908-10-06,15.2,12,17.7,.4,5.2,2.7
108,서울,1908-10-07,15.2,9.6,21.4,,4.4,2.5
108,서울,1908-10-08,12.7,9.4,17,,5.8,4.4
108,서울,1908-10-09,13.6,6.5,19.9,0,7.4,3.5
108,서울,1908-10-10,12.2,5.5,18.6,0,5.2,2.3
108,서울,1908-10-11,11.8,4.8,19.2,0,6.2,3.2
108,서울,1908-10-12,11.6,3.2,20.5,,2.1,1.6
108,서울,1908-10-13,13,4.1,22.5,,2.4,1.1
108,서울,1908-10-14,14.7,11.5,18.4,,2.8,1.9
108,서울,1908-10-15,16.4,10.4,23.2,,3.1,1.8
108,서울,1908-10-16,15.5,9.2,23.2,,2.1,1.9
108,서울,1908-10-17,14.4,8.5,20.7,0,4.4,1.9
108,서울,1908-10-18,14.7,7.5,22.3,0,3.5,1.8
108,서울,1908-10-19,15.3,8.6,23.2,,3.4,1.8
108,서울,1908-10-20,14.7,9,21.5,0,4.5,1.8
108,서울,1908-10-21,15,7.2,24.4,0,2,1.1
108,서울,1908-10-22,15.9,7.5,25.3,0,1.5,.9
108,서울,1908-10-23,17.5,8.2,22.3,,4.8,1.9
108,서울,1908-10-24,18.5,14.7,23.9,,6.5,4.3
108,서울,1908-10-25,14.4,13.3,17.2,32.5,10.8,4.7
108,서울,1908-10-26,15.1,11.8,18.1,0,6.9,3.8
108,서울,1908-10-27,13.2,5.7,17.3,2.4,7.8,4.2
108,서울,1908-10-28,6.4,2.2,11.8,0,3.6,1.7
108,서울,1908-10-29,6.6,2.2,12.9,,1.2,1.1
108,서울,1908-10-30,6.3,-.3,13.6,0,.7,1.2
108,서울,1908-10-31,7.4,0,13.7,0,5.3,2
108,서울,1908-11-01,8.9,2,16.4,0,6.2,1.3
108,서울,1908-11-02,10.7,6.5,17.3,0,1.9,1.3
108,서울,1908-11-03,10.9,4.2,18.9,,3.3,1.2
108,서울,1908-11-04,13.9,6.6,18.6,,6,4.8
108,서울,1908-11-05,14.3,10.1,18.9,,5.7,4.2
108,서울,1908-11-06,9,4.4,13.8,,6.7,3.7
108,서울,1908-11-07,4.1,.8,8,0,7.8,4.1
108,서울,1908-11-08,.5,-4.1,6,3.4,9.4,4.6
108,서울,1908-11-09,-1.7,-5.3,3.3,0,4.5,3.3
108,서울,1908-11-10,2.1,-2.8,6.6,.5,4.4,2.3
108,서울,1908-11-11,.9,-3.2,5.7,,6.6,4.4
108,서울,1908-11-12,-.2,-3.7,3.3,,9.5,4.4
108,서울,1908-11-13,2,-6.1,7.5,1.9,7.7,2.7
108,서울,1908-11-14,0,-2.9,3.4,.1,1.7,2.6
108,서울,1908-11-15,-1.2,-6.6,5.3,0,1.7,1.5
108,서울,1908-11-16,1.8,-6.4,6.8,1.1,2.9,1.3
108,서울,1908-11-17,2.8,-2.6,9.7,.1,4.5,2.5
108,서울,1908-11-18,6.5,-.7,11.2,,1.7,1.3
108,서울,1908-11-19,11.5,7.3,15.2,0,5.9,2.8
108,서울,1908-11-20,10.9,4.1,15.1,0,5.8,4.9
108,서울,1908-11-21,1.9,-.8,6.7,,6.7,4.5
108,서울,1908-11-22,.4,-4.3,5.1,,6.6,3.7
108,서울,1908-11-23,-2.2,-5.9,2.8,,3.2,2.6
108,서울,1908-11-24,1.1,-7.6,7.8,0,1.7,1.4
108,서울,1908-11-25,6.1,1.5,12.6,.7,3,2.6
108,서울,1908-11-26,1.3,-3.2,6.7,6.5,16.1,7.7
108,서울,1908-11-27,-4.3,-6.1,-1.5,,6.9,7.3
108,서울,1908-11-28,-2.3,-8.6,4.8,.1,4.2,1.8
108,서울,1908-11-29,-.9,-7.2,4.7,0,1.4,1.3
108,서울,1908-11-30,-.1,-4.1,4.9,,8.2,4.3
108,서울,1908-12-01,-1.9,-6.8,3.5,,7.6,3.7
108,서울,1908-12-02,1.8,-6.3,9.3,0,8.4,2.7
108,서울,1908-12-03,-1.8,-5.7,2.7,,5.4,3.1
108,서울,1908-12-04,1.2,-6.1,7.8,0,3.9,1.8
108,서울,1908-12-05,4.5,-1.8,9.6,.1,10,5.1
108,서울,1908-12-06,.7,-5.5,6.8,0,4,1.6
108,서울,1908-12-07,-.2,-3.1,3.2,0,8.5,3.1
108,서울,1908-12-08,-1.4,-5.9,3.6,,6.4,3.3
108,서울,1908-12-09,-1.4,-6.6,6.4,0,2.8,1.3
108,서울,1908-12-10,-.7,-7.4,6.5,0,2.6,1.5
108,서울,1908-12-11,2.1,-3.2,8.8,0,3.7,1.2
108,서울,1908-12-12,3.3,-2.7,8.4,0,3.7,1.6
108,서울,1908-12-13,2.9,-2.5,9.9,0,4.8,1.5
108,서울,1908-12-14,4.6,-.6,11.7,.2,9.6,3.7
108,서울,1908-12-15,-1.7,-5,1.8,,4.4,3
108,서울,1908-12-16,-1.2,-7.5,5.4,0,3.3,1.5
108,서울,1908-12-17,.8,-6.1,6.3,,9.9,4
108,서울,1908-12-18,-7.7,-11.2,-3.1,,4.7,3.7
108,서울,1908-12-19,-2.8,-7.2,1.5,.5,6.7,3
108,서울,1908-12-20,-5.7,-11.2,.4,0,3.5,1.5
108,서울,1908-12-21,-1.8,-7.6,4.5,,2.2,1.7
108,서울,1908-12-22,-.8,-4.7,2.1,3.4,11.7,3.7
108,서울,1908-12-23,-6.2,-9.9,-2,,6.8,5.6
108,서울,1908-12-24,-2.5,-9.9,1.4,0,5.8,2.3
108,서울,1908-12-25,-.3,-6.6,6.3,0,2.7,1.3
108,서울,1908-12-26,1.8,-2.5,7.9,0,2.1,1.2
108,서울,1908-12-27,.9,-4.6,8.5,0,2.9,1.6
108,서울,1908-12-28,.4,-3.8,4.5,,1.9,1.1
108,서울,1908-12-29,.7,-2.7,4.8,.8,7.5,3.6
108,서울,1908-12-30,-5.4,-9.2,-1,.2,5.3,3.7
108,서울,1908-12-31,-7.5,-12.7,-3,.2,6.1,3.1
108,서울,1909-01-01,-7.4,-10.8,-3.5,,4.7,3.6
108,서울,1909-01-02,-.9,-6.2,2.5,0,3.2,2.3
108,서울,1909-01-03,2.4,.1,5,0,4,3.2
108,서울,1909-01-04,2.4,-3,7.6,0,4.5,2.1
108,서울,1909-01-05,1.2,-1.9,4.7,,1.7,1.8
108,서울,1909-01-06,-.9,-3.4,1.5,0,3.9,1.7
108,서울,1909-01-07,-3.2,-8.1,1.4,0,7,2.5
108,서울,1909-01-08,-5.5,-9.1,-.1,,3.5,1.8
108,서울,1909-01-09,-4.3,-8.4,.3,,5.2,1.7
108,서울,1909-01-10,-3.4,-8.3,1.5,0,3.3,2.4
108,서울,1909-01-11,-3.8,-10.4,3.3,,2.9,1.7
108,서울,1909-01-12,-.3,-3.8,1.9,.2,5.3,3
108,서울,1909-01-13,-3.2,-6.9,.2,0,3.4,2.5
108,서울,1909-01-14,-2.9,-9.2,3,0,3.3,1.8
108,서울,1909-01-15,-3,-7.4,2.1,0,6.1,2.7
108,서울,1909-01-16,-3.7,-10.3,1.7,,2.7,1.2
108,서울,1909-01-17,.1,-4.8,5.5,,2.9,1.4
108,서울,1909-01-18,2.5,-1.1,5.2,.5,1.3,2.8
108,서울,1909-01-19,-.4,-5.5,2.8,1.8,6.1,3.1
108,서울,1909-01-20,-4.3,-7.9,.2,,3.4,2.7
108,서울,1909-01-21,-6.6,-9.9,-2.2,0,6.9,3.9
108,서울,1909-01-22,-7.2,-13.6,-2.3,,3.8,2.8
108,서울,1909-01-23,-4.2,-12.1,.7,0,2.5,2
108,서울,1909-01-24,.5,-4,4.5,4.9,5.4,2.9
108,서울,1909-01-25,-1.6,-6,2.9,,2.7,1.6
108,서울,1909-01-26,-2.3,-6,2.2,,5.3,3.1
108,서울,1909-01-27,-4.5,-10.5,0,0,1.8,1.1
108,서울,1909-01-28,-2.5,-6.3,2,0,7.2,3.1
108,서울,1909-01-29,-4.8,-10.8,1.5,,2.8,1.8
108,서울,1909-01-30,-4,-10.8,1.4,,1.7,1
108,서울,1909-01-31,-2,-8.7,4.7,,2.3,1.3
108,서울,1909-02-01,-1.7,-8.2,5.8,0,5,1.7
108,서울,1909-02-02,.6,-5.4,6.2,0,5.4,2.1
108,서울,1909-02-03,-.2,-3.4,4.6,,9.2,4.3
108,서울,1909-02-04,-4.6,-8.3,-1.3,0,5,4.7
108,서울,1909-02-05,-3.5,-7.5,2,.1,10.8,4.6
108,서울,1909-02-06,-8.8,-11.7,-4.7,,8.8,7.2
108,서울,1909-02-07,-7.9,-13.2,-2.7,,7.9,4.4
108,서울,1909-02-08,-3.6,-11.2,2.2,0,4.8,1.7
108,서울,1909-02-09,-1.9,-8.8,4.4,,4.7,1.9
108,서울,1909-02-10,-.3,-7.8,5.2,.2,3.8,2.7
108,서울,1909-02-11,-3.9,-8.2,2.6,0,11.1,7.7
108,서울,1909-02-12,-6.9,-11.5,-1.6,.3,9.6,5.2
108,서울,1909-02-13,-4.1,-12.7,3.6,,5,2.3
108,서울,1909-02-14,2.6,-4.5,8.8,1.9,10.8,4.7
108,서울,1909-02-15,-1.4,-4.6,3.8,,5.5,3.7
108,서울,1909-02-16,-3.3,-6.4,1,.1,9.3,5.3
108,서울,1909-02-17,-4.6,-10.3,.9,,5.2,2.5
108,서울,1909-02-18,2.2,-7.3,8.2,,5.6,3.7
108,서울,1909-02-19,.8,-8.3,5.9,4.4,9.7,5.9
108,서울,1909-02-20,-8.7,-10.9,-4.9,0,9.2,5.7
108,서울,1909-02-21,-9.5,-12.7,-5.5,,9.2,6.8
108,서울,1909-02-22,-7.7,-12.8,-3.3,,7.3,4.6
108,서울,1909-02-23,-6.6,-12.4,-1.2,,2.5,1.8
108,서울,1909-02-24,-2.6,-9,3.6,.3,3.5,1.8
108,서울,1909-02-25,-1.9,-4.5,1.7,.6,6,4.3
108,서울,1909-02-26,-3.2,-8.2,.7,,3.7,2.9
108,서울,1909-02-27,-1.3,-6.6,4.9,,2.9,2
108,서울,1909-02-28,.9,-5.6,7.3,,3.2,2.1
108,서울,1909-03-01,2.6,-1.8,8.4,0,5.1,4.5
108,서울,1909-03-02,-.1,-4.2,4.4,0,14,5.5
108,서울,1909-03-03,-2.7,-8.7,4.5,,3.7,3.1
108,서울,1909-03-04,-.3,-6.6,8,0,.8,1.6
108,서울,1909-03-05,1.4,-6.1,8.8,.7,7.7,3.9
108,서울,1909-03-06,.6,-2.5,3.4,2.4,8.3,4.2
108,서울,1909-03-07,0,-5,6.4,0,8.2,3.8
108,서울,1909-03-08,1.1,-4.5,8.8,,2.6,2.3
108,서울,1909-03-09,4.1,-3.3,9.1,,7.6,2.9
108,서울,1909-03-10,7.3,4.2,13.9,,8.9,4.6
108,서울,1909-03-11,7.6,-.4,15.2,,2.1,2.1
108,서울,1909-03-12,3.7,1.3,7.6,3.4,6.2,5
108,서울,1909-03-13,.6,-2.8,5.5,,8.7,4
108,서울,1909-03-14,-3.3,-5.6,-.2,,5.5,5.9
108,서울,1909-03-15,-3.5,-8,2.6,,1.7,1.7
108,서울,1909-03-16,-.8,-5.7,4,,7.9,2.9
108,서울,1909-03-17,-1.6,-4.8,3,,9,4.4
108,서울,1909-03-18,-1.6,-7.1,4.1,,5.2,3.5
108,서울,1909-03-19,3.3,-4.8,9.3,,5.8,2.6
108,서울,1909-03-20,6.7,2.1,11.3,,6.7,3.7
108,서울,1909-03-21,.8,-3.2,6.1,,6.9,5.5
108,서울,1909-03-22,4.9,-3.6,12.1,,3.2,2.4
108,서울,1909-03-23,4.8,3,7.4,19.9,6.7,4.8
108,서울,1909-03-24,-.3,-2.7,3,.2,10.7,8.7
108,서울,1909-03-25,-1.7,-3.4,1.8,.1,8.9,6.8
108,서울,1909-03-26,-1.3,-6.9,3,,7.2,5.9
108,서울,1909-03-27,1.3,-4.4,6,,5.4,2.5
108,서울,1909-03-28,4.2,.7,8.5,,6.6,2.8
108,서울,1909-03-29,5.1,.7,11.8,,3.2,2.2
108,서울,1909-03-30,5,-2.1,13.5,,7.2,2.5
108,서울,1909-03-31,6.8,-1.6,15,0,2.4,2.4
108,서울,1909-04-01,7.4,2.2,12.5,,6.7,3.9
108,서울,1909-04-02,8.8,-1,18.9,,7.5,3.3
108,서울,1909-04-03,10.8,1.8,19.8,,3.7,1.9
108,서울,1909-04-04,12.6,5.9,21.3,,5.3,2.2
108,서울,1909-04-05,12.4,5.4,20.4,,4.4,2.2
108,서울,1909-04-06,6.7,2.5,10,1.5,9.5,7.7
108,서울,1909-04-07,4,-1.6,9.3,,9.5,6.2
108,서울,1909-04-08,7.9,1.2,15.2,,7.2,4.6
108,서울,1909-04-09,10.3,2.9,17.8,.2,7.7,3.8
108,서울,1909-04-10,4.8,.4,9,,11.5,7.8
108,서울,1909-04-11,3.7,-1,9.3,,7.3,5.4
108,서울,1909-04-12,11.1,-.9,20.2,,9.7,5
108,서울,1909-04-13,18.1,13.5,22.5,0,14.6,9.2
108,서울,1909-04-14,10.8,5.3,17.5,3.9,7.7,5.5
108,서울,1909-04-15,5.9,1.1,11.8,,6.9,5.5
108,서울,1909-04-16,6.3,-1.6,14.6,,2.8,2.3
108,서울,1909-04-17,13,4.4,20.5,0,5.6,2.1
108,서울,1909-04-18,11.1,7.9,14.3,54.1,5.7,3.1
108,서울,1909-04-19,9.1,5.8,12.3,10.5,4.7,3.7
108,서울,1909-04-20,11.1,6.4,16.7,,5.7,3.4
108,서울,1909-04-21,10.7,7,17.2,,6.6,3.9
108,서울,1909-04-22,9.9,5.4,16.2,,6.4,4.5
108,서울,1909-04-23,10.6,1.9,19.1,,5.6,2.1
108,서울,1909-04-24,12,6.1,19,,6.2,2.8
108,서울,1909-04-25,14.8,5.3,23.3,,6.4,2.5
108,서울,1909-04-26,15.5,11,21.8,16.2,6.7,2.5
108,서울,1909-04-27,15.6,13.6,17.8,20.4,7.8,3.3
108,서울,1909-04-28,14.5,12.6,17.2,0,6.2,4
108,서울,1909-04-29,11.3,9.4,15.2,,7.8,4.1
108,서울,1909-04-30,10.6,6.1,16.9,,7.8,4.2
108,서울,1909-05-01,12.3,5.7,19.3,,7.9,3.4
108,서울,1909-05-02,12.9,6.9,19.9,,6.1,2.5
108,서울,1909-05-03,13.6,10.9,15.4,2.3,5.1,4
108,서울,1909-05-04,17,13.7,21.8,.7,3.5,2.8
108,서울,1909-05-05,15.8,12.5,21.6,.2,9.3,2.5
108,서울,1909-05-06,11.5,10.1,14.3,1.1,6.5,4.4
108,서울,1909-05-07,12.3,9.4,17.9,0,5.6,3.9
108,서울,1909-05-08,14.2,6.8,21.6,,4.8,2.4
108,서울,1909-05-09,17,9.4,25.7,0,2.6,1.5
108,서울,1909-05-10,17,12.1,23.4,25.9,10.3,6.3
108,서울,1909-05-11,11.3,9,14.5,14.7,8.6,6.5
108,서울,1909-05-12,13,6.8,20.2,0,2.4,4.6
108,서울,1909-05-13,14.2,8,21.2,,1.2,1.3
108,서울,1909-05-14,14.4,10.3,19.8,,7.6,3.5
108,서울,1909-05-15,14.1,8.4,21.1,,3.7,3.1
108,서울,1909-05-16,15.3,10,22,,7.8,3.9
108,서울,1909-05-17,15.4,9.2,23.4,,8.4,3.7
108,서울,1909-05-18,16,11.2,23.1,,7.1,3.2
108,서울,1909-05-19,15.3,10.7,21.5,0,5.5,4.3
108,서울,1909-05-20,15.2,9.7,21.1,,6.8,4.9
108,서울,1909-05-21,16.2,9.8,23.4,,5.2,2.7
108,서울,1909-05-22,17.2,10.7,25.2,,5.9,2.8
108,서울,1909-05-23,16.9,10.9,24.3,,5.3,2.8
108,서울,1909-05-24,19.5,15.2,24.8,.6,17.2,7.4
108,서울,1909-05-25,16.7,12.3,21.4,.3,9.6,4.1
108,서울,1909-05-26,13.4,8.9,19.7,,11,4.4
108,서울,1909-05-27,14.7,10.2,18.7,.4,14.5,8.2
108,서울,1909-05-28,15,10.7,21.2,,8.1,3.6
108,서울,1909-05-29,18.8,8.8,29.4,,3.2,2.2
108,서울,1909-05-30,20.8,13.7,29.8,,7.4,2.8
108,서울,1909-05-31,21.7,14.4,29.6,,2.7,2.1
108,서울,1909-06-01,22.6,15.2,31.7,,3.7,2.3
108,서울,1909-06-02,22,14.5,31.4,,6.4,3.9
108,서울,1909-06-03,22.1,15.7,31.4,,4.2,1.7
108,서울,1909-06-04,18.6,17.4,20,38.7,7.7,2.4
108,서울,1909-06-05,18,17.2,19.3,9.6,5.8,5.1
108,서울,1909-06-06,19,15.7,24,1.1,5.3,3
108,서울,1909-06-07,18,13.5,24.1,6.7,2.1,2.7
108,서울,1909-06-08,18.1,12.4,23.8,0,1.1,2.2
108,서울,1909-06-09,18.9,14.8,23.8,0,5.9,3.3
108,서울,1909-06-10,18.1,11.2,26,,3.2,2.6
108,서울,1909-06-11,18.4,12.4,25.8,0,4.4,2.5
108,서울,1909-06-12,18.5,11.7,25.6,,3.7,1.6
108,서울,1909-06-13,20.3,15.8,26.1,.7,.9,1.4
108,서울,1909-06-14,19.6,15.8,26,,5.4,3.3
108,서울,1909-06-15,19.6,13.1,27.4,.4,5.7,2.5
108,서울,1909-06-16,20,16.7,24.9,0,5.6,4.2
108,서울,1909-06-17,20.3,13.5,27.2,0,3.5,2.7
108,서울,1909-06-18,21.4,14.9,28,,2.4,.9
108,서울,1909-06-19,22.5,16.3,30.1,,4.4,2.8
108,서울,1909-06-20,21.4,17.5,27,,4.7,2.4
108,서울,1909-06-21,22.3,16.2,29.8,,5.5,3.1
108,서울,1909-06-22,22.2,15.5,29.1,,5.2,2.5
108,서울,1909-06-23,22.1,17,30,,4.1,2.9
108,서울,1909-06-24,21.5,18.3,26.6,,6,3.2
108,서울,1909-06-25,22,18.5,27.9,.1,5.7,3.5
108,서울,1909-06-26,22.4,18.8,28,0,5.2,3.3
108,서울,1909-06-27,22.4,18.8,27,1.3,9,4.4
108,서울,1909-06-28,21.8,19.3,25.9,30.2,4.7,3
108,서울,1909-06-29,21.6,18.2,27,1.9,4.2,3.1
108,서울,1909-06-30,21.3,18.3,25.5,.2,4.7,2.7
108,서울,1909-07-01,22.2,18.3,27.5,0,6.8,4.5
108,서울,1909-07-02,20.7,16.4,26.5,,8.1,6.5
108,서울,1909-07-03,22.2,16,28.3,,4.4,4
108,서울,1909-07-04,21.9,15.6,29.1,,3.1,1.7
108,서울,1909-07-05,22.5,15.4,31,0,2.8,1.8
108,서울,1909-07-06,18.2,17,20.8,25,8.1,4.6
108,서울,1909-07-07,20.1,18,23.4,11,8.9,5.1
108,서울,1909-07-08,23,18.4,28.2,,3.6,1.9
108,서울,1909-07-09,24.1,20.6,28.8,0,5.8,2
108,서울,1909-07-10,24.5,20.4,28.4,,7.7,5.1
108,서울,1909-07-11,22.5,20.4,25,32.5,7.7,4.9
108,서울,1909-07-12,21.2,20.3,23.5,4.6,7.1,6.3
108,서울,1909-07-13,25.5,20.4,30.3,12.2,14,4.3
108,서울,1909-07-14,26.7,24.6,29.8,2.7,14.1,7.4
108,서울,1909-07-15,26.6,23.7,30.4,.2,10.9,4.5
108,서울,1909-07-16,26.2,23.9,30.1,.2,6.8,4.4
108,서울,1909-07-17,26.5,23.6,30.8,3,7.8,5.4
108,서울,1909-07-18,24.2,23.6,25.8,32.7,6.8,5.3
108,서울,1909-07-19,26.2,23.5,30,1.1,7.5,2.9
108,서울,1909-07-20,26.4,24.9,28.9,0,4.1,3.1
108,서울,1909-07-21,25.4,23.7,27.8,2.8,8.3,4.9
108,서울,1909-07-22,25.3,22.5,29.9,22.2,5,3.1
108,서울,1909-07-23,26.1,22.2,31.8,0,7,1.5
108,서울,1909-07-24,26.6,24,30,1.4,10.2,4.2
108,서울,1909-07-25,26.8,24.5,29.9,.5,7.8,5
108,서울,1909-07-26,26.4,24.5,30.4,.3,4.8,4.6
108,서울,1909-07-27,26.6,24.3,30.7,2.3,8.5,3.6
108,서울,1909-07-28,26.8,24.1,30.9,1.4,2.1,2.9
108,서울,1909-07-29,27,23,31.6,0,7.8,3.6
108,서울,1909-07-30,26.1,23,31.2,1.4,.7,1.4
108,서울,1909-07-31,26.7,22.8,30.7,2.5,9,3.8
108,서울,1909-08-01,26.5,22.3,32.3,16.1,14.4,5.7
108,서울,1909-08-02,24.5,22.7,27.5,17.8,6.3,4.2
108,서울,1909-08-03,25.4,22.6,31.7,0,2,1.6
108,서울,1909-08-04,26.4,21.1,33.2,0,1.5,1
108,서울,1909-08-05,28.5,22.9,34.5,0,3.8,1.5
108,서울,1909-08-06,27.4,23.3,31.7,,7.1,6.2
108,서울,1909-08-07,27.3,24.7,30.2,0,6.9,5.5
108,서울,1909-08-08,29.5,25.3,35.6,,6.5,4.2
108,서울,1909-08-09,29.7,25.6,34.8,0,2,2.1
108,서울,1909-08-10,28.1,23.7,33,,6.8,5.1
108,서울,1909-08-11,25.6,21.4,30.8,,8.2,6.2
108,서울,1909-08-12,24.4,22.7,27.8,2.8,4,4.7
108,서울,1909-08-13,23.4,21.7,24.8,5.7,7.2,5.1
108,서울,1909-08-14,22.3,21.5,23.9,37.4,4.9,4.3
108,서울,1909-08-15,22.5,21.4,23.8,12.8,6.6,5.6
108,서울,1909-08-16,22.5,20.4,25.3,1.4,9.5,5.4
108,서울,1909-08-17,23.7,20.2,27.3,0,7.7,5.5
108,서울,1909-08-18,24.5,21.1,28.3,4.7,6.2,3.1
108,서울,1909-08-19,25,21.3,30.3,0,6.5,2.1
108,서울,1909-08-20,25.7,22.5,30.3,.4,5.3,2.3
108,서울,1909-08-21,25.3,22.5,30,11.4,3.2,2.8
108,서울,1909-08-22,25.9,22.7,30,,5.6,3.3
108,서울,1909-08-23,24.4,21.6,27.7,.3,4.5,3.2
108,서울,1909-08-24,25.1,21.8,30.9,14.7,5.2,3.4
108,서울,1909-08-25,23.1,21.6,25.3,37.2,4.8,2.4
108,서울,1909-08-26,23.9,22.6,26.8,51.4,3.1,2
108,서울,1909-08-27,25.3,22.6,29.1,1.6,12,3.4
108,서울,1909-08-28,25.3,22.3,30.5,0,5.2,2.2
108,서울,1909-08-29,25.7,21.7,30.6,.1,10.6,2.5
108,서울,1909-08-30,25.2,22.2,29.5,.3,4,3.4
108,서울,1909-08-31,22.7,19.8,26.5,,8.2,3.4
108,서울,1909-09-01,19.9,14.6,26.9,,3.4,1.2
108,서울,1909-09-02,19,15,24.5,2.6,3.9,2.9
108,서울,1909-09-03,19.8,15.8,25.5,8.2,3.3,2.8
108,서울,1909-09-04,21.1,17.2,26.5,0,3.5,1.5
108,서울,1909-09-05,20.1,16.1,25.1,0,3.8,1.3
108,서울,1909-09-06,21,14.5,29,0,3.4,1.5
108,서울,1909-09-07,21.8,16.4,28.8,3.3,2.6,2.2
108,서울,1909-09-08,18.7,13.9,25,.1,11.2,4.1
108,서울,1909-09-09,17,11.3,25.3,0,4.1,1.8
108,서울,1909-09-10,19.2,13.3,25.6,0,6.3,2.6
108,서울,1909-09-11,18,12.5,25.7,,4.4,1.6
108,서울,1909-09-12,19.6,12.1,26.7,0,9,2.7
108,서울,1909-09-13,21,15.4,28.4,,4.4,3.1
108,서울,1909-09-14,23,17,27.9,,7.5,5.1
108,서울,1909-09-15,20.4,18.7,22.5,21.2,4.7,3.2
108,서울,1909-09-16,19.3,16.7,22.4,3.3,2.9,1
108,서울,1909-09-17,21.1,18.2,25.3,.1,3.3,1.8
108,서울,1909-09-18,22.1,19,24.7,.3,10.1,5.3
108,서울,1909-09-19,23.2,19.4,29.5,,6.5,5
108,서울,1909-09-20,22.4,17.9,27.8,0,6.7,4.8
108,서울,1909-09-21,21,16.7,26.8,,9.7,5.6
108,서울,1909-09-22,21.2,16.6,26.8,.2,5.2,3.3
108,서울,1909-09-23,20.3,18.6,25,34.2,8.3,3.1
108,서울,1909-09-24,20.2,17.6,23.9,4.5,7.9,5.7
108,서울,1909-09-25,19.6,16.1,25.7,,5,2.9
108,서울,1909-09-26,19,16.1,22.8,,1.5,1.7
108,서울,1909-09-27,19.1,13.2,24.8,0,1.4,2
108,서울,1909-09-28,20,16.2,26.2,,3.1,2.1
108,서울,1909-09-29,20,16.3,25.4,.2,5,2
108,서울,1909-09-30,16.5,10.1,23.5,0,4.4,2.7
108,서울,1909-10-01,17,9,24.4,0,4.5,2.1
108,서울,1909-10-02,17.9,12.9,24.8,0,4.2,1.5
108,서울,1909-10-03,18.1,11.2,26.5,0,3.8,2.2
108,서울,1909-10-04,15.8,12.2,21,0,8.3,3.2
108,서울,1909-10-05,11.8,7.2,17.9,,12,4.3
108,서울,1909-10-06,11.2,6.4,18.2,,4.9,2.7
108,서울,1909-10-07,12,4.9,20.5,,4,1.3
108,서울,1909-10-08,13.7,6.4,22.4,,2.4,1.4
108,서울,1909-10-09,14.2,8.4,19.7,2.9,4.4,2
108,서울,1909-10-10,16.5,11.5,21.5,2.4,3.9,2.5
108,서울,1909-10-11,14.2,7.9,21.5,0,3.2,1.5
108,서울,1909-10-12,15.6,11.1,22.4,,3.2,1.7
108,서울,1909-10-13,14.5,9.7,17.7,0,6.7,3.6
108,서울,1909-10-14,10.7,4.7,16.1,0,8.1,3.9
108,서울,1909-10-15,10.4,3.2,18.3,0,8.7,1.1
108,서울,1909-10-16,15,7.9,23.2,,1.7,1.5
108,서울,1909-10-17,15.3,8,22.8,0,2,1.5
108,서울,1909-10-18,16,8.8,21.3,11.6,8.9,3.7
108,서울,1909-10-19,12.5,8.8,16.4,.1,9.2,5.4
108,서울,1909-10-20,9.9,6.1,16,,5.3,3
108,서울,1909-10-21,9.3,2.3,15.9,0,5.6,1.8
108,서울,1909-10-22,10.5,6.4,15.2,1.1,6.3,3
108,서울,1909-10-23,7.6,1.6,14.7,0,6,2.2
108,서울,1909-10-24,9.7,.5,17.7,0,5.3,2.2
108,서울,1909-10-25,11.5,4.6,16.9,,1.7,.9
108,서울,1909-10-26,10.7,8.2,13,9.6,8.7,3.6
108,서울,1909-10-27,9.7,5.6,15.7,0,2.7,1.6
108,서울,1909-10-28,7.8,3.8,12,0,5.9,2.4
108,서울,1909-10-29,4.9,0,9.2,0,7.9,3.9
108,서울,1909-10-30,6.5,-.8,14.3,0,3.5,1.5
108,서울,1909-10-31,8.5,5,12.9,.4,2.1,1.4
108,서울,1909-11-01,8.6,3.3,15.4,0,1.7,1.2
108,서울,1909-11-02,11,5.2,19.1,,2.6,1.4
108,서울,1909-11-03,12.8,5.5,20.3,4.6,12.4,3.1
108,서울,1909-11-04,1.7,-2.7,8.9,,6.4,5
108,서울,1909-11-05,1.1,-5.2,6.6,0,4.4,3
108,서울,1909-11-06,1.2,-4.9,8.9,0,2.9,1.4
108,서울,1909-11-07,5.6,-2.5,8.6,,4.6,2.8
108,서울,1909-11-08,9.3,4.4,11.7,2.9,7.1,4.8
108,서울,1909-11-09,9.8,8.7,12,5.6,3.4,1.9
108,서울,1909-11-10,6.3,.5,10.1,,7.3,4.5
108,서울,1909-11-11,2.3,-2.6,8.3,0,4.4,1.7
108,서울,1909-11-12,6.1,-1.7,13.2,1.9,7.6,2.2
108,서울,1909-11-13,8.4,1.8,15.3,0,10.9,3.6
108,서울,1909-11-14,7.4,1,13.7,,7.2,2.4
108,서울,1909-11-15,8.2,2.5,14.3,0,4.3,2.1
108,서울,1909-11-16,6.3,-1.7,12.1,2.2,7.2,2.2
108,서울,1909-11-17,7.4,.4,14.8,.2,10.1,4.3
108,서울,1909-11-18,1.1,-3.7,8.7,,1.7,1.5
108,서울,1909-11-19,4.3,-4.7,10.5,0,6.6,2.4
108,서울,1909-11-20,5.4,.5,10.6,.9,3.7,3.1
108,서울,1909-11-21,5.8,-1.7,13.4,0,2.3,1.3
108,서울,1909-11-22,9.2,2.3,18.1,,3.4,1.3
108,서울,1909-11-23,10,2.2,18.5,,2.2,3.8
108,서울,1909-11-24,-1.1,-4.5,7.2,,9.1,6.9
108,서울,1909-11-25,-3.3,-6.8,.8,,8.3,5.1
108,서울,1909-11-26,3,-3.5,9.3,0,1.9,1.6
108,서울,1909-11-27,5.6,-1.8,11,0,9.1,2.8
108,서울,1909-11-28,7.1,-.7,12.4,0,4.1,2.3
108,서울,1909-11-29,.9,-5.7,12.2,5.4,13,5.4
108,서울,1909-11-30,-5.4,-7,-2.8,,5.6,6.8
108,서울,1909-12-01,-4,-6.1,-.3,1,6.8,3.8
108,서울,1909-12-02,-4.4,-8.5,-.6,0,7.7,2.9
108,서울,1909-12-03,-4.8,-7.8,-1,,5,2.8
108,서울,1909-12-04,-1,-7.3,3.3,3.2,5.7,3.4
108,서울,1909-12-05,2.4,-.6,6.2,7,2.1,2.3
108,서울,1909-12-06,1.1,-2.4,4.4,0,2.4,2
108,서울,1909-12-07,1.9,-.5,6.2,.4,2.2,1.7
108,서울,1909-12-08,.9,-3,4.4,.2,2.3,1.9
108,서울,1909-12-09,-4.2,-7.6,-.3,,5.1,2.4
108,서울,1909-12-10,-6.2,-11.1,-1.4,,6.3,2.3
108,서울,1909-12-11,-7.8,-10.5,-4,,1.2,1.4
108,서울,1909-12-12,-4.6,-11.2,-.1,0,2.2,1.2
108,서울,1909-12-13,-9,-12.4,-2.8,,11.7,6.2
108,서울,1909-12-14,-10.7,-14.3,-6.4,0,2.7,2.2
108,서울,1909-12-15,-8.1,-13.9,-3.3,0,5.4,2.5
108,서울,1909-12-16,-8.1,-13.3,-2.2,0,4.9,1.9
108,서울,1909-12-17,-5.7,-12.9,-.8,,1,.8
108,서울,1909-12-18,-4.2,-9.7,2.5,0,1.7,.9
108,서울,1909-12-19,-2.7,-9.5,4.5,0,3.2,1
108,서울,1909-12-20,-.5,-3.3,2.8,.1,1.7,.9
108,서울,1909-12-21,-.2,-5.6,2.7,.1,9.3,5.3
108,서울,1909-12-22,-2.4,-10.2,3.3,0,1.8,1.6
108,서울,1909-12-23,-5,-9.9,2.7,2.2,8.4,6.1
108,서울,1909-12-24,-9.2,-12.3,-5.7,,7.2,4.8
108,서울,1909-12-25,-9.9,-12.5,-6,,8.4,1.9
108,서울,1909-12-26,-9,-14.6,-3,0,2.6,2.1
108,서울,1909-12-27,-4.2,-12.2,.5,0,3.7,1.9
108,서울,1909-12-28,1.9,-.8,3.3,2.3,3.2,3
108,서울,1909-12-29,2.7,.6,5.7,.3,1.9,1.2
108,서울,1909-12-30,3,.7,4.8,1.8,1,1.3
108,서울,1909-12-31,5.6,.6,11,16.4,9.7,5.2
108,서울,1910-01-01,-5.2,-6.6,.6,1,10.9,7.3
108,서울,1910-01-02,-7.2,-9.4,-4.3,,5.8,4.5
108,서울,1910-01-03,-1.2,-8.2,3.4,0,2.7,1.8
108,서울,1910-01-04,3.2,.4,8,0,5.7,1.9
108,서울,1910-01-05,2.5,-.3,7.5,.1,2.6,1.5
108,서울,1910-01-06,3.7,-.3,7.7,0,2.9,1.2
108,서울,1910-01-07,3,-.1,6.8,.1,1.6,1.6
108,서울,1910-01-08,1.6,.5,5.7,7.7,7.2,3.7
108,서울,1910-01-09,-.3,-2,1.9,0,3.7,3.9
108,서울,1910-01-10,1.2,-2.8,4.5,,3.8,3.3
108,서울,1910-01-11,3.1,.1,7.4,,2.1,2.3
108,서울,1910-01-12,1.4,-1.7,5.4,.1,5.6,1.5
108,서울,1910-01-13,2.4,-1.7,6.9,,4.8,2.3
108,서울,1910-01-14,2.9,-.3,6.6,0,8.5,4
108,서울,1910-01-15,-3.1,-6.7,-.3,.2,8.3,6.4
108,서울,1910-01-16,-7.8,-9.9,-5.2,0,6.3,4.2
108,서울,1910-01-17,-8.5,-11.3,-6,0,5.6,4.4
108,서울,1910-01-18,-8,-12.4,-3,0,4.6,.9
108,서울,1910-01-19,-4.5,-10.9,-.1,0,2.7,1.1
108,서울,1910-01-20,1.4,-2.2,4.6,.1,5,3.6
108,서울,1910-01-21,1,.1,2.8,9.8,3,1.5
108,서울,1910-01-22,-.3,-2.3,1.3,.8,3.2,3.5
108,서울,1910-01-23,-4.5,-7.2,.6,,3.5,3
108,서울,1910-01-24,-5.9,-10.3,-1.2,0,4.1,1.4
108,서울,1910-01-25,-5.4,-10.6,-.6,0,3,1.7
108,서울,1910-01-26,-2.3,-7.1,2.8,,2.4,1
108,서울,1910-01-27,-.3,-3.7,3.3,.9,.9,.8
108,서울,1910-01-28,-.2,-3.7,3.2,.1,5.1,2.1
108,서울,1910-01-29,-2.1,-4.8,.1,0,2.3,1.6
108,서울,1910-01-30,-15.2,-18.5,-1.6,.9,12.2,9.9
108,서울,1910-01-31,-15.4,-19.9,-11,,11.4,6
108,서울,1910-02-01,-15.3,-17.8,-11.5,,6.8,5.9
108,서울,1910-02-02,-12.8,-19.6,-7.4,,3.2,1.6
108,서울,1910-02-03,-5.1,-8.9,.6,.4,7.9,3.7
108,서울,1910-02-04,-8.3,-13.1,-3.4,,3.2,2.5
108,서울,1910-02-05,-4.8,-10.3,1.2,,6,1.8
108,서울,1910-02-06,-2.1,-8,3.2,0,2.7,1.4
108,서울,1910-02-07,.8,-2.3,5,.1,5.3,2.3
108,서울,1910-02-08,-1.6,-5.9,4,0,6.5,2.2
108,서울,1910-02-09,-4.1,-8.4,1.3,,9.2,4.3
108,서울,1910-02-10,-8.3,-12.2,-3.7,,5.5,4.4
108,서울,1910-02-11,-7.2,-12,-2,,6.2,5.1
108,서울,1910-02-12,-5.1,-11.8,.2,0,4.2,1.9
108,서울,1910-02-13,-3.2,-6.2,.9,,8.6,4.6
108,서울,1910-02-14,-3.1,-10.1,2.8,,5.9,2.9
108,서울,1910-02-15,-.7,-6.7,6,0,3.7,1.5
108,서울,1910-02-16,.3,-2.2,4.3,0,2.8,1.3
108,서울,1910-02-17,-.1,-4,5.4,0,5.9,2.4
108,서울,1910-02-18,-1.2,-6.8,5.3,,3.8,2.3
108,서울,1910-02-19,-2,-5.5,2.6,.2,6.8,2.2
108,서울,1910-02-20,-4.9,-7.3,-1,,8.7,5.4
108,서울,1910-02-21,-4.2,-8.8,1.5,,6.4,4.4
108,서울,1910-02-22,-3.7,-9.8,2.5,,4.1,3.2
108,서울,1910-02-23,-2.2,-8.4,4.4,,5.7,2.3
108,서울,1910-02-24,.3,-6.8,7.8,0,1.6,2.7
108,서울,1910-02-25,3,-.9,8.3,.5,3.4,1.8
108,서울,1910-02-26,1.2,-3.4,5.4,,7.3,5.2
108,서울,1910-02-27,-1.4,-6.9,4.3,,2.1,2.1
108,서울,1910-02-28,.4,-4.8,7.3,,4.3,2.1
108,서울,1910-03-01,-.2,-6.2,7.1,0,4.5,2.3
108,서울,1910-03-02,-.6,-3.9,3.5,0,8.5,5.1
108,서울,1910-03-03,-1.6,-7.3,2.7,0,6.7,3.9
108,서울,1910-03-04,-3.7,-6.2,1,,7,6.8
108,서울,1910-03-05,-2.9,-8.3,.9,.5,9.7,4.1
108,서울,1910-03-06,-3.1,-8.6,2,0,8.2,5.2
108,서울,1910-03-07,-1.4,-8,5.4,,11.7,4.8
108,서울,1910-03-08,-.1,-5.3,5.5,,6.2,4.3
108,서울,1910-03-09,-.8,-7.4,6.1,,7.6,3.2
108,서울,1910-03-10,.6,-6.7,8,0,4.7,2.7
108,서울,1910-03-11,.3,-2.7,3.8,.1,16,6.7
108,서울,1910-03-12,-.2,-5.1,5.7,,6.1,3.9
108,서울,1910-03-13,.4,-6.4,7.8,,3.9,1.9
108,서울,1910-03-14,5.9,-4.1,14.7,.6,5.8,2.4
108,서울,1910-03-15,6.6,.5,10.6,7.1,6.2,6
108,서울,1910-03-16,1.7,-1.2,5.5,,10.7,7.5
108,서울,1910-03-17,1.3,-4.3,8.6,,2.5,2.1
108,서울,1910-03-18,1.6,-3.3,7.3,0,2.4,1.8
108,서울,1910-03-19,4.8,-1.2,11.6,0,4.5,3.3
108,서울,1910-03-20,6.6,2.5,12.3,,8.2,3.7
108,서울,1910-03-21,6.5,.9,11,,4.4,2.4
108,서울,1910-03-22,6.5,4,10.8,0,3.1,2.6
108,서울,1910-03-23,3.9,.8,8.4,,8,5.5
108,서울,1910-03-24,2.9,-3.4,9.1,,4.2,3
108,서울,1910-03-25,9.1,4.1,15,,7.2,3.2
108,서울,1910-03-26,7.4,4.5,11.2,22.4,6.3,4.3
108,서울,1910-03-27,7.7,3.1,13,2.2,8.3,4.8
108,서울,1910-03-28,6.2,1.7,11,,3.4,2
108,서울,1910-03-29,6.5,2.1,11.4,,7.8,4
108,서울,1910-03-30,2.2,-1.1,5.8,,8.4,5.7
108,서울,1910-03-31,1.9,-3.7,7,,5.6,2.8
108,서울,1910-04-01,4.1,-.3,7.8,1,4.7,3.1
108,서울,1910-04-02,5.1,2.7,10.4,1.1,4.9,2.4
108,서울,1910-04-03,4.8,-.6,11.5,0,4.8,3.3
108,서울,1910-04-04,4.8,-.5,11,0,6.9,3.5
108,서울,1910-04-05,5.5,-1.2,13.2,0,4.7,2.9
108,서울,1910-04-06,7.6,-1.4,16.9,0,2.7,2.5
108,서울,1910-04-07,10.2,2.8,17.3,,5.2,2.2
108,서울,1910-04-08,11,7.5,16.5,,5,2.3
108,서울,1910-04-09,10.6,6.7,17,,4.5,3
108,서울,1910-04-10,9.1,4.8,14.2,,4.9,2.1
108,서울,1910-04-11,9.4,1.9,16.7,0,7.9,4.5
108,서울,1910-04-12,8,.5,16,,6.1,3.9
108,서울,1910-04-13,8.5,2.7,15.3,,8.3,4.7
108,서울,1910-04-14,2,-.2,7.3,8.1,4.4,2.3
108,서울,1910-04-15,8.1,-1.8,17.3,0,3.2,2.9
108,서울,1910-04-16,13.8,5.6,23,0,5.6,2.7
108,서울,1910-04-17,16.1,10.4,22.3,0,8.6,3.3
108,서울,1910-04-18,12.6,10,17.9,8.6,5.8,5.4
108,서울,1910-04-19,13.8,6,22.2,0,3.1,2.3
108,서울,1910-04-20,15.4,9.2,22.1,,2.2,1.9
108,서울,1910-04-21,11.1,9.6,14.5,1.1,6.7,4.6
108,서울,1910-04-22,12.9,7.5,19.8,,2.9,2.8
108,서울,1910-04-23,14.7,7.8,22.7,0,3.3,2.4
108,서울,1910-04-24,10.8,9.3,14.1,15.6,5.3,2.3
108,서울,1910-04-25,11.3,7.3,17,,8.5,5.3
108,서울,1910-04-26,10.5,3.7,17.7,0,9.1,4.3
108,서울,1910-04-27,13.1,4.3,20.7,0,5.5,2.2
108,서울,1910-04-28,12.8,7.7,18.7,1.3,6.7,4.4
108,서울,1910-04-29,8.3,3,15.3,0,5.7,4.5
108,서울,1910-04-30,10.6,2.9,19.1,,5.1,3.1
108,서울,1910-05-01,14.4,8.4,19.1,,7.7,2.9
108,서울,1910-05-02,13.9,8.4,19.9,,4.1,3.1
108,서울,1910-05-03,14.3,8.4,21.7,,2.6,3.3
108,서울,1910-05-04,11.5,7.8,16.3,0,1.9,2.2
108,서울,1910-05-05,14.1,7.5,21.6,,3.8,2.7
108,서울,1910-05-06,15.3,7.1,25.4,,4.1,2.6
108,서울,1910-05-07,14.2,8.7,20.6,,6.1,2.8
108,서울,1910-05-08,15.7,11.4,22,0,6.6,3.5
108,서울,1910-05-09,18.4,11.1,26,,4.4,2.4
108,서울,1910-05-10,19.7,14.3,27.4,,2.7,1.3
108,서울,1910-05-11,18.5,12.6,28,,5.9,4.1
108,서울,1910-05-12,16.4,11.4,24.1,,6.9,2.5
108,서울,1910-05-13,14.9,10.9,22.8,.3,4.2,4.5
108,서울,1910-05-14,14.8,8.7,21.2,,8.7,4.2
108,서울,1910-05-15,17.7,11.6,26.2,,2.8,3.3
108,서울,1910-05-16,15,11.3,21,,9.2,5.1
108,서울,1910-05-17,13,8.5,22,.6,6.7,3
108,서울,1910-05-18,15,10.3,22,,5.3,4.3
108,서울,1910-05-19,13.8,5.9,22.7,,3.7,3
108,서울,1910-05-20,15.2,7.4,24.3,,2.8,3.1
108,서울,1910-05-21,16.1,7.9,25.3,,7.1,3.5
108,서울,1910-05-22,16.9,8.7,26.7,,6.2,4.3
108,서울,1910-05-23,17.3,10,26.5,0,13,2.4
108,서울,1910-05-24,14.5,10.7,20.2,.2,10.5,5.5
108,서울,1910-05-25,15.9,7.5,25,0,5.4,2.3
108,서울,1910-05-26,18.3,10.5,27.5,,7.3,3.9
108,서울,1910-05-27,19.9,13.5,29.1,,7.1,3.7
108,서울,1910-05-28,21.3,12,31,.4,6,3
108,서울,1910-05-29,19.4,13.3,28.9,,7,4
108,서울,1910-05-30,19.4,13.9,27.2,,3.9,3
108,서울,1910-05-31,21.8,13.7,30.6,.2,5.7,2.8
108,서울,1910-06-01,18.9,15.6,23.5,17.5,7.9,5.4
108,서울,1910-06-02,18.3,14.8,24.3,.9,8.1,4.2
108,서울,1910-06-03,16.9,14.4,20.5,28,6.3,4
108,서울,1910-06-04,18.5,13.3,23.4,32,9.7,5.9
108,서울,1910-06-05,15.8,12.4,20.2,6.3,9.5,7.1
108,서울,1910-06-06,17.6,14.7,22.3,0,8.5,5.3
108,서울,1910-06-07,17.9,14.2,23.1,0,7.6,4.4
108,서울,1910-06-08,19,13.2,26.3,,5.2,2.6
108,서울,1910-06-09,20.3,13.4,27.6,,3.2,2.5
108,서울,1910-06-10,20,13.7,26.7,,7.6,3.3
108,서울,1910-06-11,22.7,15.5,31.2,,2.1,2.4
108,서울,1910-06-12,20.1,17.4,23.9,0,4.4,3.4
108,서울,1910-06-13,18.9,15.3,24.2,4,8.4,4.4
108,서울,1910-06-14,20.2,14.9,26.1,1.6,3.4,3.8
108,서울,1910-06-15,21.4,17.8,26.5,,3,1.6
108,서울,1910-06-16,21.5,19,26,0,4,2.5
108,서울,1910-06-17,20.9,18.1,26.5,,3.2,3.3
108,서울,1910-06-18,24.5,17.6,31.5,0,9.1,3.5
108,서울,1910-06-19,18.6,17,22.8,56.7,6.2,5.7
108,서울,1910-06-20,17.9,15,22.5,,4.4,2.9
108,서울,1910-06-21,19.4,16.3,24.5,,4.1,2.9
108,서울,1910-06-22,18.4,17.3,20.4,1.4,4.7,3.8
108,서울,1910-06-23,20.1,15.6,27.2,.1,3.2,2.7
108,서울,1910-06-24,21.4,14.4,29.3,,4.1,3.1
108,서울,1910-06-25,22,17.6,28.3,27,4.1,2.3
108,서울,1910-06-26,19.3,16.9,23.7,7.8,7.3,5.8
108,서울,1910-06-27,18.6,14.6,24.8,,7.7,4.1
108,서울,1910-06-28,19,12.8,25.3,,3.7,2.8
108,서울,1910-06-29,20.6,16.6,25.1,,4,2.8
108,서울,1910-06-30,24.2,17.7,31.5,,2.2,2.1
108,서울,1910-07-01,23.2,18.7,28.8,.8,1.7,2.1
108,서울,1910-07-02,17.8,15.9,20,45.1,6.7,6.6
108,서울,1910-07-03,21.2,17.4,25.9,,7.9,5.5
108,서울,1910-07-04,21.3,16.3,27.4,,3.8,3.3
108,서울,1910-07-05,22.2,17.7,27.5,2.3,5.6,2.3
108,서울,1910-07-06,21.1,19.2,22.9,153.5,5.2,4.2
108,서울,1910-07-07,23.3,21.4,26.3,.6,2.8,1.5
108,서울,1910-07-08,22.8,20.7,26.2,1.9,3.3,1.9
108,서울,1910-07-09,21.7,19.4,24.8,6.7,5.8,4.5
108,서울,1910-07-10,20.4,18.7,24.4,0,5.9,2.3
108,서울,1910-07-11,22.6,20.1,27,.9,4.8,2.9
108,서울,1910-07-12,24.2,19.9,29.7,0,2.7,1.7
108,서울,1910-07-13,23.5,19.8,28.3,,3.5,3.7
108,서울,1910-07-14,21.6,19.7,24.3,15.9,5,2.2
108,서울,1910-07-15,23.2,20,27.8,,3.5,2.4
108,서울,1910-07-16,19.5,18.8,22.8,27.4,8.6,6.7
108,서울,1910-07-17,21.7,18.4,24.3,1.3,4.2,4.6
108,서울,1910-07-18,22.3,21.1,23.8,2.9,1.8,1.8
108,서울,1910-07-19,24.7,21,30.6,16.5,7,3.8
108,서울,1910-07-20,22.3,20.9,25.6,24,10.4,8
108,서울,1910-07-21,23.5,20.7,28,0,3.9,2.7
108,서울,1910-07-22,23,21.2,26.3,5.4,3.7,2
108,서울,1910-07-23,24.8,20.9,28.9,10.7,3.2,2
108,서울,1910-07-24,24.3,21,28.5,36.5,3.6,2.2
108,서울,1910-07-25,25.4,22.1,30.3,0,1.2,2.5
108,서울,1910-07-26,24.3,23.4,25.8,21.6,2.2,1.3
108,서울,1910-07-27,25.1,23.4,28,3.8,1,1.1
108,서울,1910-07-28,26.8,22.3,32.6,0,2.2,1.4
108,서울,1910-07-29,28,25,32.4,,3.4,1.7
108,서울,1910-07-30,28.4,24.9,33.3,0,3.2,.9
108,서울,1910-07-31,28,25.2,32.1,0,5.2,4.5
108,서울,1910-08-01,27,23.5,32,,4.4,2.5
108,서울,1910-08-02,26.8,23.7,31.6,0,6.2,3.9
108,서울,1910-08-03,26.8,22.8,31.4,0,4.7,2.9
108,서울,1910-08-04,25.6,23.6,31.2,3.4,3.5,1.8
108,서울,1910-08-05,26.8,23.2,32,,3.8,3.1
108,서울,1910-08-06,25.7,22.7,29.9,0,6.1,4.4
108,서울,1910-08-07,24,20.2,29,0,3.9,3.8
108,서울,1910-08-08,24.7,20.2,30.3,,3.7,3.2
108,서울,1910-08-09,25.3,20.5,30.6,,3.2,3.1
108,서울,1910-08-10,24.5,20.1,30.6,1.8,3.2,2.9
108,서울,1910-08-11,25.3,20.6,31.5,,1.6,1.8
108,서울,1910-08-12,24.9,21.5,31,7.4,3.8,2.8
108,서울,1910-08-13,23.4,20.2,30.6,.1,2.9,2.3
108,서울,1910-08-14,23.6,19.2,29.5,,6.7,3.4
108,서울,1910-08-15,21.9,19.3,27.4,.2,4.2,4
108,서울,1910-08-16,22.7,19.5,28.1,0,8,6
108,서울,1910-08-17,22.3,19.4,27.4,,11.1,7.7
108,서울,1910-08-18,22.2,16.7,28.4,,4.6,5.1
108,서울,1910-08-19,20.4,16.8,25.2,,5.4,4.2
108,서울,1910-08-20,23.6,17.3,29.5,0,8.3,2.8
108,서울,1910-08-21,23.1,21,26.5,4.4,4.7,4.2
108,서울,1910-08-22,25.4,22.6,29,8,6.9,4.9
108,서울,1910-08-23,25.4,22.6,28.9,3.9,7.6,4.2
108,서울,1910-08-24,25.1,22.4,29,4.8,4.8,3.4
108,서울,1910-08-25,25.6,20.8,31.5,0,1,1.5
108,서울,1910-08-26,25.1,22.7,31.2,6.4,5.8,2.1
108,서울,1910-08-27,23,21.8,26,77.7,5.4,3.3
108,서울,1910-08-28,21.7,19.4,23.9,59.1,2.9,2.6
108,서울,1910-08-29,22.9,18.2,27.8,0,3.5,1.9
108,서울,1910-08-30,23.4,20.7,29,0,1.1,1.1
108,서울,1910-08-31,23.3,21.1,25.4,7.1,12.6,2.9
108,서울,1910-09-01,23.4,22,24.8,56,2.9,2.2
108,서울,1910-09-02,21.4,19.2,25.3,10.2,5.9,3.1
108,서울,1910-09-03,20.5,17.1,24.7,0,1.5,1.5
108,서울,1910-09-04,20.1,17.7,23,0,1.2,.9
108,서울,1910-09-05,19.5,17,24,0,3.2,2
108,서울,1910-09-06,20.4,15.7,26.4,,4.5,3.6
108,서울,1910-09-07,19.7,14.2,25.6,,4.1,5
108,서울,1910-09-08,21.5,16.3,27,,5.7,4.7
108,서울,1910-09-09,21.1,17,26.3,,5.5,3.1
108,서울,1910-09-10,21.6,18.5,26.3,.2,5.2,2.1
108,서울,1910-09-11,19.9,17.6,25,3.6,4.2,3.1
108,서울,1910-09-12,18.3,15.2,22.4,.4,1.5,1.6
108,서울,1910-09-13,18.7,15.3,23.9,.1,3.1,1.1
108,서울,1910-09-14,19.2,14.7,24.4,,4.5,1.8
108,서울,1910-09-15,17.7,10.4,25.5,0,1.2,1.9
108,서울,1910-09-16,18.3,11.6,25.5,,3.4,2
108,서울,1910-09-17,19.7,14.2,26.8,,2.9,1.6
108,서울,1910-09-18,20.3,14.5,26.8,0,4.2,2
108,서울,1910-09-19,19.8,16.7,24.6,.7,3.4,2.4
108,서울,1910-09-20,18.7,14.3,24.2,,4,3
108,서울,1910-09-21,17,11,24.4,0,2.2,1.3
108,서울,1910-09-22,19.2,14.9,25.7,,5.6,3.4
108,서울,1910-09-23,20,15.2,25.6,0,6.4,3.2
108,서울,1910-09-24,19.4,17,23.2,.1,3,1.6
108,서울,1910-09-25,14.9,11.8,17.4,8.3,6.2,2.6
108,서울,1910-09-26,16.2,10.4,20.5,,5.4,2.8
108,서울,1910-09-27,17.6,13,24,,1.1,2.3
108,서울,1910-09-28,16.2,10.2,23.7,0,2.7,1.6
108,서울,1910-09-29,16.4,11.9,23.5,,5,2.2
108,서울,1910-09-30,16.7,12.4,22.2,0,6.1,1.7
108,서울,1910-10-01,18.1,13.7,22.9,,5.2,2.8
108,서울,1910-10-02,15.7,8.3,23.5,0,2.4,2.1
108,서울,1910-10-03,15.8,9.8,24.1,0,4.7,2
108,서울,1910-10-04,15.3,9.6,22.5,7.3,1.9,1.5
108,서울,1910-10-05,15.4,8.5,23.2,0,3.6,1.7
108,서울,1910-10-06,16.5,10,22.7,.1,1.1,1.7
108,서울,1910-10-07,17.6,14.9,22.4,,2.3,1.6
108,서울,1910-10-08,15.4,10.4,20.5,5.4,6.7,3.1
108,서울,1910-10-09,9.4,6.9,13.4,,5.7,4.9
108,서울,1910-10-10,7.3,1.3,15.3,,7.4,1.6
108,서울,1910-10-11,10.1,1.8,19.1,,2.9,1.4
108,서울,1910-10-12,15.4,7.9,21.9,,6.5,3.6
108,서울,1910-10-13,14.1,10.6,20.3,1.3,3.9,3.4
108,서울,1910-10-14,13.5,6.7,21.8,0,2.7,1.6
108,서울,1910-10-15,14.2,6.3,23.8,0,3.2,1.6
108,서울,1910-10-16,12.9,5.4,21.5,0,4.7,1.2
108,서울,1910-10-17,13.1,6,24,0,1.8,1.3
108,서울,1910-10-18,13.5,5.4,22.6,0,2.2,1.5
108,서울,1910-10-19,14.3,8,20.4,0,1.9,.9
108,서울,1910-10-20,16.3,10.4,22.5,,2.7,.9
108,서울,1910-10-21,15.1,9.8,22,,1.1,1.6
108,서울,1910-10-22,14.5,7,23.4,0,1.9,1.3
108,서울,1910-10-23,15.2,7.3,23.5,0,2.2,1.4
108,서울,1910-10-24,12.5,5.5,19,,4.2,2.6
108,서울,1910-10-25,10.4,2.3,20,,1.6,1.3
108,서울,1910-10-26,11.2,4.8,20.6,,1.9,1.2
108,서울,1910-10-27,11.5,4.1,20.8,,3.7,1.5
108,서울,1910-10-28,11.5,3.7,21,0,2,1
108,서울,1910-10-29,11.9,3.7,20.1,0,3.6,1.7
108,서울,1910-10-30,13,4.5,23,0,2,.8
108,서울,1910-10-31,14.1,7.3,19.6,,4.6,2.3
108,서울,1910-11-01,15,10.4,20.2,,5.4,3.3
108,서울,1910-11-02,11.8,6.7,18.4,.2,7.3,3.4
108,서울,1910-11-03,4.8,.2,10,,4.1,3.9
108,서울,1910-11-04,3.6,-4.1,12,0,3.6,1.4
108,서울,1910-11-05,8,1.4,14.3,2.9,2.2,1.7
108,서울,1910-11-06,7,1.3,15.9,0,1.8,.9
108,서울,1910-11-07,8.6,.2,18.2,0,1.3,1
108,서울,1910-11-08,10.4,4.3,17.7,0,1.8,1.1
108,서울,1910-11-09,10.9,5.1,15.7,.1,10.7,4.6
108,서울,1910-11-10,6.6,4.2,10.5,36.6,7.7,6.8
108,서울,1910-11-11,9.3,6.2,12.7,.9,3.6,3.7
108,서울,1910-11-12,6.9,1.7,13,4.8,11.9,4.5
108,서울,1910-11-13,1.8,-2.1,8,,1.2,2.5
108,서울,1910-11-14,5.4,-1.7,11,0,.5,1.3
108,서울,1910-11-15,7.2,4.5,9,13.2,4.8,3.1
108,서울,1910-11-16,0,-4.2,6.7,1.5,6.8,8.1
108,서울,1910-11-17,-1.9,-4.6,.8,,9.6,5.8
108,서울,1910-11-18,-2.1,-4.7,1.3,,7,5.4
108,서울,1910-11-19,-3.3,-8.4,2.5,0,5.1,1.8
108,서울,1910-11-20,2.5,-3.9,6.9,,2.5,1.3
108,서울,1910-11-21,3.6,-1.8,11.3,0,3.7,1.1
108,서울,1910-11-22,5.5,-.8,12,.5,.9,1.1
108,서울,1910-11-23,6.8,3.4,9.8,9.1,6,2.3
108,서울,1910-11-24,4.5,-.5,11,0,3.2,1.6
108,서울,1910-11-25,4.4,-1.6,11.3,0,3.9,1.5
108,서울,1910-11-26,5,-.3,11.1,0,4.2,1.2
108,서울,1910-11-27,3.5,-1.6,10.5,.1,.9,1.3
108,서울,1910-11-28,5.3,.5,7.6,0,4.9,3.1
108,서울,1910-11-29,7.5,3.6,10.7,,7.7,5.7
108,서울,1910-11-30,6.3,5.1,8.2,8.4,5.4,4.3
108,서울,1910-12-01,-1.3,-6.8,5.1,0,7.2,6.2
108,서울,1910-12-02,-7,-9.9,-3.8,,5.6,5.5
108,서울,1910-12-03,-3.9,-9.2,-.6,.3,1.9,2.1
108,서울,1910-12-04,-2.5,-4.7,1.7,0,6.4,2
108,서울,1910-12-05,-2.2,-4.7,1.6,,3.7,4
108,서울,1910-12-06,-1.8,-6.6,3.6,0,2.2,1.3
108,서울,1910-12-07,-3.4,-8.7,2.5,0,2.5,1.1
108,서울,1910-12-08,-5,-9.6,.2,0,7.8,3.8
108,서울,1910-12-09,-9.6,-13,-4.7,0,7,3.7
108,서울,1910-12-10,-11.6,-14.8,-8.2,,5.1,5.5
108,서울,1910-12-11,-13.6,-16.8,-9.7,,5.8,4.2
108,서울,1910-12-12,-11.6,-16.8,-5.7,,5.4,2
108,서울,1910-12-13,-5.5,-13,-.2,,3.6,1.5
108,서울,1910-12-14,-5.7,-10.8,1.3,0,3.2,1.1
108,서울,1910-12-15,-4.9,-12,3.1,0,2.1,1.1
108,서울,1910-12-16,-3.3,-7.6,.6,.9,5.3,2.7
108,서울,1910-12-17,-5.5,-12.6,1.1,0,4.2,1.1
108,서울,1910-12-18,-2.5,-7.9,2.2,0,.7,1
108,서울,1910-12-19,1.7,-2.8,5.5,,.7,.8
108,서울,1910-12-20,-2.3,-8.8,1.5,,7.5,3.6
108,서울,1910-12-21,-7.3,-10.9,-2.9,,5.6,2.4
108,서울,1910-12-22,-6.1,-13.5,-.2,.5,2.5,1.3
108,서울,1910-12-23,-3,-7.9,1.6,.4,4,2.1
108,서울,1910-12-24,-2.8,-11.1,3.6,0,2.3,1.1
108,서울,1910-12-25,-.5,-4.1,.6,1.6,3.4,1.3
108,서울,1910-12-26,-2,-4.8,.8,.3,3.1,.9
108,서울,1910-12-27,.4,-5.7,5.8,2.1,10.7,5.4
108,서울,1910-12-28,-4.6,-7.6,-1.2,,4.5,3.4
108,서울,1910-12-29,-3,-7.8,2.5,3,2.6,1.8
108,서울,1910-12-30,-4.6,-10.8,1.5,0,2.1,.8
108,서울,1910-12-31,-8.1,-11.4,-2.3,,6.8,5.1
108,서울,1911-01-01,-10.1,-14.2,-6.5,.3,6,4.1
108,서울,1911-01-02,-12.5,-19.7,-5.9,0,1.2,1.4
108,서울,1911-01-03,-4.3,-10.2,-1.4,,3.7,3.4
108,서울,1911-01-04,.8,-2.6,2.2,2.3,4.4,3.4
108,서울,1911-01-05,-3.9,-8.7,1.7,3.5,8.3,5.6
108,서울,1911-01-06,-9,-11.8,-5.6,,7.8,3.3
108,서울,1911-01-07,-6.8,-12.5,-3.8,,3.7,2.1
108,서울,1911-01-08,-2.5,-6.2,2,.1,4.9,1.8
108,서울,1911-01-09,-4.3,-10.5,.7,0,2.3,.9
108,서울,1911-01-10,-.8,-5.5,5.5,,2.1,1.1
108,서울,1911-01-11,-6.3,-13.4,-1.2,1.1,4.2,1.5
108,서울,1911-01-12,-15.6,-18,-11.6,,6.4,3.5
108,서울,1911-01-13,-15.3,-21.5,-9.2,0,.9,.8
108,서울,1911-01-14,-5.4,-13.2,-.3,,2.7,1.8
108,서울,1911-01-15,-6.4,-10.9,-1.3,0,2.2,1.7
108,서울,1911-01-16,-6,-13,.3,0,2.4,1.3
108,서울,1911-01-17,-5.8,-12.5,0,0,.6,.8
108,서울,1911-01-18,-5,-10.3,.5,,3.6,1.5
108,서울,1911-01-19,-5.7,-12.9,1.7,0,.6,1
108,서울,1911-01-20,-5.8,-13.2,2.4,0,4,1
108,서울,1911-01-21,-3.3,-9.2,1.1,.5,1.7,.7
108,서울,1911-01-22,-9.2,-11.7,-1,1.5,7.1,5.3
108,서울,1911-01-23,-13.6,-17.9,-6.9,,1.6,1.9
108,서울,1911-01-24,-10.8,-19.7,-3,0,1.7,.8
108,서울,1911-01-25,-4,-8.2,-1.6,1.5,1.2,1.8
108,서울,1911-01-26,1.2,-2.9,3.7,0,8.2,2.7
108,서울,1911-01-27,2.5,.9,4.7,0,7.7,8.2
108,서울,1911-01-28,3.7,1.6,7.5,0,7.3,5
108,서울,1911-01-29,3,-1.6,8.8,,3,2.7
108,서울,1911-01-30,6,.4,8.2,13.1,7.7,4.6
108,서울,1911-01-31,1.4,0,7.1,13.7,5.2,6.4
108,서울,1911-02-01,.9,-.9,4.1,,7.5,3.9
108,서울,1911-02-02,-4.6,-7.2,-.1,.1,9.8,7.2
108,서울,1911-02-03,-4,-9,-.2,,4.2,3.7
108,서울,1911-02-04,-2.3,-5.6,1.8,1.4,7,3.8
108,서울,1911-02-05,-2.1,-5.3,3.5,.1,8.8,4.8
108,서울,1911-02-06,-4.4,-10,1.2,0,3.1,1
108,서울,1911-02-07,-1.6,-8.2,3.5,0,.8,.9
108,서울,1911-02-08,.4,-3.2,3.8,.3,1.7,2.9
108,서울,1911-02-09,-1.9,-6.7,4.3,,2.7,3.1
108,서울,1911-02-10,-.5,-5.6,5.2,.2,4.1,2.2
108,서울,1911-02-11,1,-2.3,4.6,2.3,4.1,1.7
108,서울,1911-02-12,-1.2,-6.6,5.4,,.3,1.3
108,서울,1911-02-13,2.3,-1.4,6,.1,.8,.8
108,서울,1911-02-14,.8,0,3.5,6.7,7.3,2.1
108,서울,1911-02-15,-2.2,-5.9,.9,.5,10.7,5.3
108,서울,1911-02-16,-6.1,-8.7,-2.2,,15.9,5.1
108,서울,1911-02-17,-6.9,-10.3,-3,,6.1,4.1
108,서울,1911-02-18,-5.8,-11.2,-.2,,.7,2.2
108,서울,1911-02-19,-3,-9.6,3.9,0,1.8,2
108,서울,1911-02-20,-1.9,-8.2,4.1,0,2.7,2.1
108,서울,1911-02-21,-1.1,-6.6,4.5,0,5.2,2.3
108,서울,1911-02-22,.3,-3.1,5.9,,5.6,5.3
108,서울,1911-02-23,3,-.9,7,,7.1,6.1
108,서울,1911-02-24,2.9,-1.4,8.2,,4.7,3.9
108,서울,1911-02-25,1.3,-4.3,7.4,0,4.6,2.8
108,서울,1911-02-26,1.6,-2.3,7,0,5.8,3.4
108,서울,1911-02-27,1.4,-3.1,8.8,0,2.1,1.4
108,서울,1911-02-28,3.7,-3.1,12.5,0,3,2.1
108,서울,1911-03-01,.9,-.9,2.8,6.5,9.5,5.7
108,서울,1911-03-02,-.5,-2,1.1,.8,6.2,4.9
108,서울,1911-03-03,-2.2,-5.3,2.4,,5.5,4.6
108,서울,1911-03-04,1.4,-3.7,6.9,0,3.5,1.3
108,서울,1911-03-05,6.1,.3,9.4,3.2,6.8,4.9
108,서울,1911-03-06,6.1,4.9,7.4,6.1,4.9,3.4
108,서울,1911-03-07,3.1,-.4,9.5,,5.2,3.6
108,서울,1911-03-08,4.1,.4,8.9,,6,3.5
108,서울,1911-03-09,-.4,-3.3,4.6,,6.7,5.9
108,서울,1911-03-10,-1.5,-4.4,2.5,,1.6,1.5
108,서울,1911-03-11,1.3,-5.2,9.5,,1.4,1.2
108,서울,1911-03-12,5.6,-1.7,10.3,1.6,5.1,3.3
108,서울,1911-03-13,6.3,4.8,7.9,18.7,6.9,2.9
108,서울,1911-03-14,5.6,3.1,9.4,.1,7.1,4.2
108,서울,1911-03-15,5,-1.8,10,0,5.8,3.3
108,서울,1911-03-16,6,3.8,9.3,,7.6,7
108,서울,1911-03-17,6.6,3.3,11.4,,5.9,5.4
108,서울,1911-03-18,3.1,-.9,7.7,,6.5,4.2
108,서울,1911-03-19,1.9,-2.6,7,0,6.7,3
108,서울,1911-03-20,1,-2.1,5.2,,4,2.3
108,서울,1911-03-21,4.7,-1.8,7.9,.5,8.3,3.5
108,서울,1911-03-22,8,4.1,13,,2.8,3
108,서울,1911-03-23,8.1,1.9,15.3,,5.6,2.3
108,서울,1911-03-24,4,1.3,7.8,2.8,9.4,7.3
108,서울,1911-03-25,5.4,.4,9.8,.2,3.8,3.9
108,서울,1911-03-26,5.6,3.5,9.5,0,5.1,4.2
108,서울,1911-03-27,5.4,2.8,9,1.8,5.2,2.8
108,서울,1911-03-28,4.5,-1.3,11.5,0,3.9,2.6
108,서울,1911-03-29,8.5,-1.1,19.1,0,9.4,2.9
108,서울,1911-03-30,4.5,2.3,8.6,46.3,12.3,8.9
108,서울,1911-03-31,4.6,1.6,9,.1,3.7,2.1
108,서울,1911-04-01,5.2,.6,9.9,,4.5,4.1
108,서울,1911-04-02,6.4,1.9,11.5,,4.8,3.7
108,서울,1911-04-03,7.2,4.5,11.8,,8.4,4.4
108,서울,1911-04-04,8.6,3.2,14.5,,2.8,2.8
108,서울,1911-04-05,8.9,1.7,17.7,,3.9,3.6
108,서울,1911-04-06,10.2,1.4,19.3,,1.9,2.2
108,서울,1911-04-07,10.1,3.4,16.3,,4.5,1.8
108,서울,1911-04-08,9.3,7.6,11.8,8,5.9,3.1
108,서울,1911-04-09,7.9,5.2,10.1,5.4,4.8,4.1
108,서울,1911-04-10,6.5,4.7,8.6,.3,2.9,2.5
108,서울,1911-04-11,7.9,2.7,14.2,,5.9,3.2
108,서울,1911-04-12,9.9,2.6,18.2,0,3.3,2.6
108,서울,1911-04-13,13.3,5.3,24.1,0,4.9,3.2
108,서울,1911-04-14,12.2,7.6,19.6,,5,6
108,서울,1911-04-15,7.3,5.4,11.5,0,3.7,4.3
108,서울,1911-04-16,9.7,5,15.7,,3.2,2.8
108,서울,1911-04-17,7.4,5.7,11.7,8.7,7.6,3.3
108,서울,1911-04-18,7.6,3.8,12.8,,8.7,4.9
108,서울,1911-04-19,7.9,1.4,16.8,6.5,17.8,6.9
108,서울,1911-04-20,7,.3,11,1.2,14.4,10.5
108,서울,1911-04-21,7.7,1.6,15,,6,4.2
108,서울,1911-04-22,8.8,1,17.5,,3.1,3.8
108,서울,1911-04-23,14.2,4.5,21.7,0,5.7,3.1
108,서울,1911-04-24,14.5,13,17.5,47.9,10.2,4.9
108,서울,1911-04-25,16.6,11.1,23,12.7,3.2,3.6
108,서울,1911-04-26,8.9,5.6,14.3,1.3,9.2,9.5
108,서울,1911-04-27,8.5,3.5,14.1,,8.9,4.7
108,서울,1911-04-28,10,3.9,18.7,,4.5,2.9
108,서울,1911-04-29,11.7,7.3,18,,5.1,3
108,서울,1911-04-30,11.3,3.3,19.4,,5.5,3.2
108,서울,1911-05-01,14.6,5.5,22.8,,2.2,2.3
108,서울,1911-05-02,14.4,7,23.2,,4.7,2.7
108,서울,1911-05-03,12,9.7,14.6,17.9,5.2,2.5
108,서울,1911-05-04,15.3,12.5,18.6,10,1.6,2.8
108,서울,1911-05-05,12.8,10.8,15.3,0,4.9,4.9
108,서울,1911-05-06,10.8,7.2,15.5,,7.2,3.9
108,서울,1911-05-07,11,3.7,18,,7.2,4.7
108,서울,1911-05-08,13,5.9,19.8,0,7.1,3.1
108,서울,1911-05-09,15.4,8.2,23.9,0,6.8,3.1
108,서울,1911-05-10,17.6,9.1,27.7,0,2.6,2.7
108,서울,1911-05-11,16.9,10.4,24,,1.1,1.3
108,서울,1911-05-12,14.6,12,21.5,10.6,1.1,1.3
108,서울,1911-05-13,16,12.5,21,,6.2,4.1
108,서울,1911-05-14,14.9,12.3,19.5,0,2.4,2.3
108,서울,1911-05-15,13.5,7.4,21,0,4.8,3.4
108,서울,1911-05-16,12.7,5.6,21.1,,5.3,2.9
108,서울,1911-05-17,13.5,6,22.7,,4.9,3.9
108,서울,1911-05-18,15.2,7.8,23.5,,6.8,1.2
108,서울,1911-05-19,16.2,8.4,23.8,,6.2,2.5
108,서울,1911-05-20,16.6,9.7,23.8,.7,7.5,4
108,서울,1911-05-21,17.7,13.3,24,.5,3.5,4.3
108,서울,1911-05-22,16.7,10,23.5,0,4.9,3.3
108,서울,1911-05-23,16.1,8.9,24,,6,2.7
108,서울,1911-05-24,16.6,8.3,25.5,0,4.7,2.5
108,서울,1911-05-25,17.5,10,26.8,,3.3,2.3
108,서울,1911-05-26,19.9,13,28.3,,3.2,2.8
108,서울,1911-05-27,15.6,13.7,18.8,19.8,3.1,2.7
108,서울,1911-05-28,17.5,11.9,24.3,,4,2.5
108,서울,1911-05-29,18.7,12.3,25.5,0,2.8,1.7
108,서울,1911-05-30,20.2,13,28.4,0,5.1,2.5
108,서울,1911-05-31,20.8,13.8,30,0,2.2,2.8
108,서울,1911-06-01,19.7,16.4,25.5,,3.4,1.8
108,서울,1911-06-02,20.8,15,28,,4.4,3
108,서울,1911-06-03,17.2,15.7,22.4,1.9,6.6,3
108,서울,1911-06-04,16.8,14.1,19.5,0,8.5,4.9
108,서울,1911-06-05,18,10.7,25.3,.2,6.9,4
108,서울,1911-06-06,18,12.7,24.4,0,9.1,4
108,서울,1911-06-07,19.3,15.5,25.6,,3.7,3
108,서울,1911-06-08,19.2,12.6,26.2,,6.6,3.2
108,서울,1911-06-09,20.4,12.8,28.5,,5.4,2.9
108,서울,1911-06-10,19.9,13.7,27.8,,4.8,3.4
108,서울,1911-06-11,19.8,13.8,26.8,0,7.7,3.8
108,서울,1911-06-12,19.1,13.5,25.8,0,2.6,3.1
108,서울,1911-06-13,21.2,15.8,28.7,,3.1,2.6
108,서울,1911-06-14,22.5,14.4,29.3,,4.6,2.3
108,서울,1911-06-15,19.8,16.9,24,9.5,6.2,3.6
108,서울,1911-06-16,20,16.2,25.6,4.8,6.3,3.1
108,서울,1911-06-17,20.3,16.7,24.7,3.1,.2,1.4
108,서울,1911-06-18,17.7,16.7,18.6,35.2,6.2,5.1
108,서울,1911-06-19,20.9,17.4,26.5,.1,4.4,3.9
108,서울,1911-06-20,21.2,16.7,27.5,,5.6,2.2
108,서울,1911-06-21,23.1,17.7,30.6,.7,3.2,2.5
108,서울,1911-06-22,23.5,19.5,30.4,2.5,4.6,3
108,서울,1911-06-23,24,19,29.5,0,3.6,3.1
108,서울,1911-06-24,23.2,19.2,28.8,,5.7,3.7
108,서울,1911-06-25,19.4,18.3,21.1,28.2,5.8,3.8
108,서울,1911-06-26,20.4,18,25.1,0,5.7,4.5
108,서울,1911-06-27,20.6,17.1,26.8,.4,5.2,3
108,서울,1911-06-28,20.5,17.7,25.3,,5.1,3.1
108,서울,1911-06-29,20.3,16.2,26.3,,4.5,3.1
108,서울,1911-06-30,22.2,15.9,29,.1,1.8,1.1
108,서울,1911-07-01,22,19.2,28,3.4,.6,1.8
108,서울,1911-07-02,23.4,17.7,29.4,0,3.3,2.3
108,서울,1911-07-03,23.5,18.3,29,.4,5,2.5
108,서울,1911-07-04,22.6,17.5,29.3,,3.2,3.8
108,서울,1911-07-05,22.3,16.9,29,0,3.7,3
108,서울,1911-07-06,21.2,17.2,24.6,.1,1.7,1.7
108,서울,1911-07-07,20.1,17.2,23.3,17.5,5.1,3.5
108,서울,1911-07-08,21.8,20.7,24.1,10.1,3.2,3.6
108,서울,1911-07-09,23.4,20.6,25.9,22.8,5.5,2.7
108,서울,1911-07-10,23.3,21.3,26.8,.8,7.7,4.1
108,서울,1911-07-11,23.2,21.3,27.8,32.9,3.3,1.9
108,서울,1911-07-12,23.6,21,25.7,43.1,11.7,8.3
108,서울,1911-07-13,22.9,20.3,28.5,1.9,3.4,3.1
108,서울,1911-07-14,22.5,19.1,28.4,28.2,3.7,2.9
108,서울,1911-07-15,22.8,20.1,25.3,32.6,6.2,3.2
108,서울,1911-07-16,23.9,21.9,26.8,43.6,8.6,6.5
108,서울,1911-07-17,25.3,23.4,28.2,.3,8.3,7.2
108,서울,1911-07-18,25.7,22.5,31,.1,4.6,2.6
108,서울,1911-07-19,26.6,23.4,30.7,3.5,7.3,4.1
108,서울,1911-07-20,24.2,22.5,27,22.9,10.6,8.8
108,서울,1911-07-21,25.1,22.4,29,0,5.1,2.8
108,서울,1911-07-22,24.6,21,29.4,1.4,6.2,3.9
108,서울,1911-07-23,23.4,19.9,29,,3,3.7
108,서울,1911-07-24,23.8,21.7,27.3,.8,5.8,3.1
108,서울,1911-07-25,23.1,20.9,25.9,4.3,1.8,1.5
108,서울,1911-07-26,23.5,20.2,28.5,3.7,3.2,3.2
108,서울,1911-07-27,23.8,18.6,30.8,0,.9,2
108,서울,1911-07-28,24.1,20,30,0,3.7,2.5
108,서울,1911-07-29,23.3,20.3,28.5,.8,2.9,2.1
108,서울,1911-07-30,23.8,19.2,29.9,0,2.2,2.6
108,서울,1911-07-31,25.1,20.7,30.8,.6,3.5,2
108,서울,1911-08-01,25.1,21.7,31,0,3.9,2.3
108,서울,1911-08-02,24.8,21.6,29,.1,5.4,2.2
108,서울,1911-08-03,24,19.3,30.5,0,2.1,1.7
108,서울,1911-08-04,23.7,19.3,29.5,0,2,2.9
108,서울,1911-08-05,23,19.7,28.8,.5,1.7,3.2
108,서울,1911-08-06,23.5,21,27.5,.5,5,2.8
108,서울,1911-08-07,24.2,18,31.4,.4,2.8,2.2
108,서울,1911-08-08,25.3,19.9,32,2.6,2,2.1
108,서울,1911-08-09,27,23.1,33,8.9,2.7,1.7
108,서울,1911-08-10,28.2,24.2,33.8,0,2.1,2
108,서울,1911-08-11,28.3,24.9,32.9,.2,5.5,3.2
108,서울,1911-08-12,28.7,25.8,34.5,0,7.1,3.4
108,서울,1911-08-13,27.5,23,33.8,0,5.3,2.5
108,서울,1911-08-14,25.2,18.5,31.7,0,6,3.4
108,서울,1911-08-15,25.7,19,32.5,0,7.7,2.1
108,서울,1911-08-16,25.3,19.8,32.4,,3.9,2.4
108,서울,1911-08-17,26.4,21.5,33.5,0,3.7,2.1
108,서울,1911-08-18,26.7,23.3,32.4,,5.2,3.1
108,서울,1911-08-19,23.9,21.6,28,0,3.1,3.4
108,서울,1911-08-20,24.8,19,32.2,,5.5,2.1
108,서울,1911-08-21,24.5,21,30.1,8,3.2,2
108,서울,1911-08-22,24.7,21.3,30.5,6.7,5,2.7
108,서울,1911-08-23,24.1,20.3,30.1,.6,3.9,2.1
108,서울,1911-08-24,21,18.8,22.8,31.7,5.4,3.4
108,서울,1911-08-25,21.9,20.4,24,8.8,3.7,2.9
108,서울,1911-08-26,22.9,19.7,28.4,.3,3.3,2.5
108,서울,1911-08-27,22.4,18.4,28.5,2.8,3,1.8
108,서울,1911-08-28,25,21.5,29.5,.2,5.2,3.9
108,서울,1911-08-29,26.3,22.2,31.1,,4.8,4.1
108,서울,1911-08-30,26.4,23.3,31.5,,7.1,3.5
108,서울,1911-08-31,25.1,20.7,31,,6.2,4.4
108,서울,1911-09-01,25.7,21.5,32.8,,3.9,3.1
108,서울,1911-09-02,25.1,19.8,32,0,6.2,2.4
108,서울,1911-09-03,25.1,20.7,32,.1,3.5,1.8
108,서울,1911-09-04,24.9,21.3,30.8,1.5,6,2.3
108,서울,1911-09-05,23.7,21.1,28.3,37.9,4.5,2.5
108,서울,1911-09-06,22.9,20.8,27.7,30.6,6.5,5.8
108,서울,1911-09-07,23.4,19,28.7,0,6.1,2.6
108,서울,1911-09-08,21.9,17.5,27.2,,2.6,1.3
108,서울,1911-09-09,20.3,14.2,25.5,0,2.5,1.8
108,서울,1911-09-10,20,14.7,26.4,0,3.4,2.1
108,서울,1911-09-11,20.5,14.5,25.3,0,5.3,2.2
108,서울,1911-09-12,19.2,17.2,22.7,41.4,11.7,8.6
108,서울,1911-09-13,19.5,17.1,21.7,5.3,4.2,5.1
108,서울,1911-09-14,20.2,17.2,24.3,.1,1.9,1.1
108,서울,1911-09-15,19.9,17.2,23.4,4.7,6.7,3.8
108,서울,1911-09-16,19,14.7,22.3,,6,5.8
108,서울,1911-09-17,17.1,15.8,19.8,9.4,7.8,4
108,서울,1911-09-18,19.5,14.9,25.6,,1.2,1.7
108,서울,1911-09-19,19.8,13.7,27.9,0,2.1,1.5
108,서울,1911-09-20,21.2,17.7,26.5,1.4,1.6,1.4
108,서울,1911-09-21,20.3,14.8,27,1,4.2,1.5
108,서울,1911-09-22,18.9,13,26,0,1.8,1.8
108,서울,1911-09-23,18.3,11,25.4,0,3.1,1.3
108,서울,1911-09-24,20.8,16.4,26.7,,1.8,1.2
108,서울,1911-09-25,20.3,18.1,22.7,0,1.1,1.4
108,서울,1911-09-26,18.8,17.7,20.1,21.3,3.3,2.4
108,서울,1911-09-27,18.4,15.8,21.2,23.1,1.9,1.7
108,서울,1911-09-28,19.6,14.7,24.7,.1,8.5,4.8
108,서울,1911-09-29,20.1,16.5,25.3,3.3,5.6,4.2
108,서울,1911-09-30,19.3,12.8,23.9,12.8,6.8,4
108,서울,1911-10-01,14.1,8.1,22.9,0,2.5,1.3
108,서울,1911-10-02,14.8,9.3,19.3,1,4.2,2.9
108,서울,1911-10-03,15.4,12,20.8,7.7,3.9,2.3
108,서울,1911-10-04,15.1,9,22.6,.2,5.7,2.2
108,서울,1911-10-05,11.6,5.3,20.7,0,2.8,1.8
108,서울,1911-10-06,15.6,10,20.4,,4.2,3
108,서울,1911-10-07,17,13.9,21.5,.1,4.5,2.1
108,서울,1911-10-08,15,9.1,20.3,0,7.6,3.5
108,서울,1911-10-09,9,6.4,13.2,,7.9,5.1
108,서울,1911-10-10,6.3,.1,14.6,0,2.5,1.9
108,서울,1911-10-11,9.2,1.6,15.4,,3.7,1.6
108,서울,1911-10-12,10.5,8.2,14.5,7,3.2,2.3
108,서울,1911-10-13,11.8,5.1,17.4,0,3.7,1.8
108,서울,1911-10-14,9.6,4.7,14.3,0,4.8,2.7
108,서울,1911-10-15,8.1,1.4,14.7,,3.3,1.5
108,서울,1911-10-16,11.2,7,15.5,5.3,3.8,2.5
108,서울,1911-10-17,11,3.2,17,0,4.2,2.1
108,서울,1911-10-18,11.3,4.4,19.2,,5.3,2.1
108,서울,1911-10-19,10.3,3.5,19.7,0,2.7,1.3
108,서울,1911-10-20,11.8,4.9,20.3,,1.9,1
108,서울,1911-10-21,11.9,6.2,19.9,0,4.1,1.8
108,서울,1911-10-22,11.5,3.5,19,0,4.6,1.8
108,서울,1911-10-23,12.9,7.7,20.1,0,2.7,2.1
108,서울,1911-10-24,12.2,4,19,3.8,5.8,3.2
108,서울,1911-10-25,11.5,7.4,16.2,,2.5,2.7
108,서울,1911-10-26,10.7,4.4,18.8,0,2.3,1.3
108,서울,1911-10-27,10.9,6,16.3,0,2.7,1.9
108,서울,1911-10-28,9.7,6.2,15.9,,7,2.3
108,서울,1911-10-29,7.4,.1,15,0,3,2.1
108,서울,1911-10-30,10.4,4.8,16.8,3,2.9,1.9
108,서울,1911-10-31,10.4,5,16.8,5.4,6.4,3.3
108,서울,1911-11-01,4.6,1.3,9.6,,6.2,3.6
108,서울,1911-11-02,8,.2,15,0,6.9,2.7
108,서울,1911-11-03,5.9,-1.1,13.1,,3,2.2
108,서울,1911-11-04,7.4,1.1,14.2,,3.2,1.5
108,서울,1911-11-05,6.7,2.1,10.2,.3,3.3,1
108,서울,1911-11-06,8.1,3.7,12.7,,6.2,3.1
108,서울,1911-11-07,5,-.9,12.4,,3,2.1
108,서울,1911-11-08,5.1,-2.1,11.7,0,5.4,1.8
108,서울,1911-11-09,8.4,4,14.4,.2,3.6,1.4
108,서울,1911-11-10,4.5,-.3,11.7,0,5.3,1.5
108,서울,1911-11-11,7.6,-2.3,15.3,0,4.7,1.8
108,서울,1911-11-12,10.6,5.7,14,6,11.9,7.6
108,서울,1911-11-13,4.9,.3,10.5,0,2.2,1.7
108,서울,1911-11-14,11.1,2.6,13.9,,9.2,5.6
108,서울,1911-11-15,9.1,7.9,11.1,35.6,11.7,9.3
108,서울,1911-11-16,11.9,10,13.7,2.4,2.7,4.4
108,서울,1911-11-17,8.4,5.7,10.5,1.5,4.5,4.6
108,서울,1911-11-18,4.4,-1.1,9.6,,3.4,2.5
108,서울,1911-11-19,6.4,2.9,11.2,,3.7,1.8
108,서울,1911-11-20,4,-1.3,10.5,0,5.1,1.4
108,서울,1911-11-21,6.6,-1.4,13.5,.1,4.2,1.6
108,서울,1911-11-22,11.9,7.8,15.7,1.5,8.5,4.7
108,서울,1911-11-23,11.8,9.3,14.7,17.2,4.6,4.7
108,서울,1911-11-24,7.3,5.5,10.3,13.9,12.5,7.5
108,서울,1911-11-25,3.6,.3,8.4,10.3,5.4,3.9
108,서울,1911-11-26,-.4,-3.6,4.7,1.2,9.5,9.1
108,서울,1911-11-27,-.6,-4.8,3.5,,4.1,2.7
108,서울,1911-11-28,.3,-1.7,2.3,7.2,3.5,3.4
108,서울,1911-11-29,-2.2,-4.9,2,0,3.7,2.5
108,서울,1911-11-30,.1,-4.6,4.9,,1.9,1.1
108,서울,1911-12-01,3.1,-1.4,6,0,3,2
108,서울,1911-12-02,5.5,1.3,9.5,,5.4,2.5
108,서울,1911-12-03,.7,-2.8,6.1,0,2.4,2
108,서울,1911-12-04,4.1,-3.8,8.7,0,2.2,1.4
108,서울,1911-12-05,2.5,-4.6,7.5,4.9,8.7,5.5
108,서울,1911-12-06,-5.5,-9,-2.2,,4.2,3.5
108,서울,1911-12-07,-.9,-6.8,5,0,2.7,1.8
108,서울,1911-12-08,1.4,-4.5,5.1,.2,7.1,3.6
108,서울,1911-12-09,-2.7,-6.3,1.2,,8.4,3.6
108,서울,1911-12-10,-5.1,-9.6,.5,,4.4,2.1
108,서울,1911-12-11,-2.8,-8,.9,0,6.3,2.1
108,서울,1911-12-12,-4.4,-8.9,-1.5,,5.2,1.6
108,서울,1911-12-13,-4.1,-7.1,0,,1.1,1.2
108,서울,1911-12-14,-4.9,-7.4,-1.7,,7.4,3.4
108,서울,1911-12-15,-5.7,-12.5,-.6,.2,2.5,1.3
108,서울,1911-12-16,-4.8,-9.1,-.6,.8,5.6,2.7
108,서울,1911-12-17,-3.9,-11,2.8,0,1.1,2.4
108,서울,1911-12-18,2.6,-5,5.8,,4.6,2.2
108,서울,1911-12-19,1.3,-3.1,5.8,11.6,6.5,5.5
108,서울,1911-12-20,-8.6,-11.5,-3.1,,8.8,6.6
108,서울,1911-12-21,-10,-14.3,-6.5,,5.7,2.5
108,서울,1911-12-22,-8.1,-14.9,-2,0,2.2,1.7
108,서울,1911-12-23,-5.1,-11.5,1,,1.2,1.1
108,서울,1911-12-24,-1.9,-5.3,2.7,0,2.6,1.1
108,서울,1911-12-25,-1.8,-5.4,.7,.1,.9,1.5
108,서울,1911-12-26,-3.2,-7.1,.8,0,6,3.3
108,서울,1911-12-27,-7.5,-10.1,-5.1,,6,5.2
108,서울,1911-12-28,-8.6,-14.2,-4.2,0,5.1,2.2
108,서울,1911-12-29,-8.8,-14.2,-2.6,0,6.3,1.7
108,서울,1911-12-30,-4.6,-10,-.6,0,1.2,.8
108,서울,1911-12-31,-.1,-6.7,3.9,0,.9,1.1
108,서울,1912-01-01,-.8,-7.3,4.2,0,8.5,2.9
108,서울,1912-01-02,-9.4,-13.1,-5.4,,6.9,5.1
108,서울,1912-01-03,-6.8,-15.2,-2.5,0,2,1.1
108,서울,1912-01-04,-2.1,-4,.3,.2,5.8,2.1
108,서울,1912-01-05,-.3,-5.9,5.1,.1,3.8,1.9
108,서울,1912-01-06,-2.3,-8.8,4.7,0,1.2,1.1
108,서울,1912-01-07,-3.2,-9.3,2.8,0,2.1,1.3
108,서울,1912-01-08,-3.9,-10.4,2.5,.1,6.7,1.4
108,서울,1912-01-09,-2,-8.4,2.7,.2,4.7,1.5
108,서울,1912-01-10,-4.2,-7.3,-.4,.7,5.1,3.9
108,서울,1912-01-11,-6.6,-9.4,-3.3,0,5.2,4.2
108,서울,1912-01-12,-7.5,-13,-3.2,,4.8,3.1
108,서울,1912-01-13,-9.5,-14.7,-4.6,,3.7,1.8
108,서울,1912-01-14,-8.4,-14.7,-2.2,0,5.4,2.2
108,서울,1912-01-15,-7.8,-11.1,-4.3,,8.8,3.7
108,서울,1912-01-16,-9.5,-13.8,-4.3,,5.6,2.9
108,서울,1912-01-17,-5.3,-13.3,-.5,.2,4.1,1.4
108,서울,1912-01-18,-2,-3.8,1.3,1.2,5.5,3.3
108,서울,1912-01-19,-5.7,-10.6,-.5,0,5,3.2
108,서울,1912-01-20,-6.3,-12.9,1.2,0,3.8,1.2
108,서울,1912-01-21,-3.8,-10,.2,0,2.3,1.7
108,서울,1912-01-22,-4.1,-8.6,.1,0,5.7,2.8
108,서울,1912-01-23,-5.7,-13.1,.6,0,3.4,1.5
108,서울,1912-01-24,-2,-9.1,3.5,,6.8,3.9
108,서울,1912-01-25,.8,-2.5,3.4,,4.6,5
108,서울,1912-01-26,-.6,-5.7,5.4,,3.2,2.4
108,서울,1912-01-27,-3.3,-7.9,4,,3.9,1.6
108,서울,1912-01-28,-4.2,-10,1.8,0,4.5,1.7
108,서울,1912-01-29,-6.1,-10.9,-1.5,0,6.3,3.4
108,서울,1912-01-30,-7.1,-14,-.2,0,4.2,1.6
108,서울,1912-01-31,-5.6,-14.5,2.2,0,2.5,1.1
108,서울,1912-02-01,-2.6,-7.9,4,,4.1,2
108,서울,1912-02-02,-2.4,-9.9,5,0,3.9,1.9
108,서울,1912-02-03,-.4,-4.7,4.5,,5.8,2.6
108,서울,1912-02-04,-1.8,-8.7,5.7,0,2.8,1.6
108,서울,1912-02-05,.7,-4.7,5.7,,6.5,1.8
108,서울,1912-02-06,-3.9,-6.4,-.6,0,13.1,6.9
108,서울,1912-02-07,.6,-7.4,6.6,,15.2,4.3
108,서울,1912-02-08,2.1,-1.7,8.3,,8.3,3
108,서울,1912-02-09,1.7,-2.3,7.8,0,12.2,4.2
108,서울,1912-02-10,-1.7,-6.6,3.6,,7.7,3.4
108,서울,1912-02-11,-.3,-6.6,5.6,0,6.1,2.6
108,서울,1912-02-12,-2.3,-8.8,5.6,,1.9,1.8
108,서울,1912-02-13,.5,-7.8,7.2,,2.2,1
108,서울,1912-02-14,6.3,.9,11.2,,8.1,4.6
108,서울,1912-02-15,3.7,-1.8,8.2,.1,6.1,3
108,서울,1912-02-16,-1.2,-4.3,4.8,3.9,10.7,7.5
108,서울,1912-02-17,-5.3,-6.8,-4.1,.1,5.8,4.5
108,서울,1912-02-18,-4.2,-6.1,-2.5,0,3.2,2.5
108,서울,1912-02-19,-2.2,-6.4,2.3,,4.7,3.2
108,서울,1912-02-20,-1,-7.8,5.5,,2.7,1.9
108,서울,1912-02-21,.2,-3.9,3.1,3.7,3.6,2.1
108,서울,1912-02-22,2.5,.1,5.3,8.3,3.9,2.5
108,서울,1912-02-23,3.1,.6,6,,2.7,1.7
108,서울,1912-02-24,5.2,1.7,9.4,0,4.2,2.1
108,서울,1912-02-25,5.5,-.4,12.8,0,5.1,2
108,서울,1912-02-26,9.6,5.9,14.7,,8.3,6.3
108,서울,1912-02-27,8.9,3.2,14,9.6,8.2,4
108,서울,1912-02-28,6.4,3.7,10.3,24.2,9.6,7.4
108,서울,1912-02-29,1.3,0,4.7,15.4,9.9,8.2
108,서울,1912-03-01,3.1,.8,6.5,2.8,2.9,3
108,서울,1912-03-02,4.7,-1.1,9.8,0,5.7,2.7
108,서울,1912-03-03,7.1,4.2,10.1,,9.1,4.4
108,서울,1912-03-04,6.3,2.7,12.3,,3.7,3.3
108,서울,1912-03-05,5.4,-.6,12,,4.2,1.9
108,서울,1912-03-06,5.1,.4,10,3.1,2.9,1.8
108,서울,1912-03-07,6.1,4,9.9,2.4,6.5,3.3
108,서울,1912-03-08,2.1,-1.7,7.3,0,5.6,4.2
108,서울,1912-03-09,1.4,-4.4,8.2,,4.8,2.4
108,서울,1912-03-10,3.7,-2.6,10.9,0,6.4,2.1
108,서울,1912-03-11,4.2,-1.5,9.4,.1,5.1,2.6
108,서울,1912-03-12,-2.2,-4,.7,,7.9,4.6
108,서울,1912-03-13,-1.2,-5.7,3.4,,6.2,4.4
108,서울,1912-03-14,-.9,-6.8,4.3,,4.8,2.8
108,서울,1912-03-15,1.6,-4.9,8.2,,3.5,2.2
108,서울,1912-03-16,2.6,-2.8,7.8,,1.6,1.6
108,서울,1912-03-17,.4,-.7,4.3,7.2,8.7,2.9
108,서울,1912-03-18,2.5,.1,6.6,,9.7,6.2
108,서울,1912-03-19,3.3,-4.9,9.4,,8.2,3.7
108,서울,1912-03-20,10.5,4.5,15.6,0,10.1,4.8
108,서울,1912-03-21,3.7,-.6,10.2,,9.5,8.6
108,서울,1912-03-22,2.3,-3.5,7.3,,11,6.1
108,서울,1912-03-23,2.8,-4.4,9.1,,5.6,2.9
108,서울,1912-03-24,4.5,-2.7,12.8,,3.1,2
108,서울,1912-03-25,4.3,-2.7,11.2,,7.9,3.4
108,서울,1912-03-26,7,-2.7,16.3,0,2.5,1.5
108,서울,1912-03-27,8.7,5.1,12.7,4.5,5.5,2.6
108,서울,1912-03-28,8.7,.4,15.7,,5.6,2.9
108,서울,1912-03-29,8,3.8,12.5,,8,4.4
108,서울,1912-03-30,4.8,.2,10.6,,5.2,4.4
108,서울,1912-03-31,5.7,.4,10.5,,8.7,4.1
108,서울,1912-04-01,6,-2.4,14.3,,2.4,2.5
108,서울,1912-04-02,7.8,0,15.5,0,5.5,2.8
108,서울,1912-04-03,5.2,2.4,11,.5,14,6.3
108,서울,1912-04-04,5.2,.4,10.6,,5.4,4.8
108,서울,1912-04-05,6,-2.5,13.6,,3.2,2.7
108,서울,1912-04-06,5.8,.3,12.3,,8.7,3.7
108,서울,1912-04-07,9,.6,18,,3.9,2.1
108,서울,1912-04-08,12.1,2.6,21.7,,3,1.9
108,서울,1912-04-09,7.7,5.7,13.4,0,10.3,4.6
108,서울,1912-04-10,5.9,1.5,11.5,,9.2,6.1
108,서울,1912-04-11,6,1.1,10.7,0,11.3,6
108,서울,1912-04-12,7.1,-.4,14.6,,11,4.9
108,서울,1912-04-13,9.4,1.9,17.2,,10.9,5
108,서울,1912-04-14,9,6,12.9,2,8.1,3.7
108,서울,1912-04-15,7.3,1.1,13.9,,11.3,6.2
108,서울,1912-04-16,6.5,.7,13.5,,6.7,3.7
108,서울,1912-04-17,10.7,2.3,17.2,4.8,6.3,2.6
108,서울,1912-04-18,10.9,6.5,17.7,11.4,7.3,5.3
108,서울,1912-04-19,10.5,6,16.6,,8,5.7
108,서울,1912-04-20,12,3.8,20.8,.2,5.4,2.4
108,서울,1912-04-21,15.5,10.2,17.3,23.7,7.5,3.7
108,서울,1912-04-22,16.4,11.6,20,5.1,1.8,2.5
108,서울,1912-04-23,17.6,12.7,23.1,0,4.7,3.2
108,서울,1912-04-24,13.4,9.4,18.7,0,5.6,4.9
108,서울,1912-04-25,11.8,8.4,17.5,,9.6,4.6
108,서울,1912-04-26,11.4,7.5,17.4,0,5.7,4.4
108,서울,1912-04-27,9.4,3.9,16,,9.7,4.1
108,서울,1912-04-28,12.2,3.5,19.5,,5.5,2
108,서울,1912-04-29,13.6,10.2,18.2,31.7,4.7,5.1
108,서울,1912-04-30,12.1,9.7,16.4,1.5,2.7,2
108,서울,1912-05-01,13.8,9.5,20.3,,4,2.4
108,서울,1912-05-02,14.3,8.2,21.2,0,2.6,1.9
108,서울,1912-05-03,15.7,10.2,23,16.5,8,4.8
108,서울,1912-05-04,11.3,8.3,15.9,,10.9,7.1
108,서울,1912-05-05,11.2,5,18.5,,5.2,3.2
108,서울,1912-05-06,13,6,17.6,0,3.5,2.4
108,서울,1912-05-07,14.4,8.8,21.1,0,3.7,2.7
108,서울,1912-05-08,11.9,5.2,19.1,,5,2.8
108,서울,1912-05-09,12,4.7,19.3,,4,3
108,서울,1912-05-10,13.5,5.7,20.4,,2.8,2
108,서울,1912-05-11,11.4,10.2,14.8,17.1,6.5,3.4
108,서울,1912-05-12,10.9,9.1,14.7,2.6,10.8,6.5
108,서울,1912-05-13,12.7,9.2,17.7,.6,6.9,5.3
108,서울,1912-05-14,13.5,7,21,,2.5,2
108,서울,1912-05-15,17.7,9.5,25.5,0,5.1,2.5
108,서울,1912-05-16,18.5,11.5,25.2,,4.1,2.4
108,서울,1912-05-17,20.6,12.4,29.7,,3.5,2.4
108,서울,1912-05-18,19.3,14.8,22.5,6.5,10.4,3.6
108,서울,1912-05-19,15.5,13.2,18.2,7.6,2.7,3.2
108,서울,1912-05-20,12.8,11.1,15.2,,4.7,3.8
108,서울,1912-05-21,12.4,10.4,16.5,1.4,3.8,3
108,서울,1912-05-22,13.6,7.2,20.3,0,3.7,1.9
108,서울,1912-05-23,16,7.8,23.3,,3.6,2.5
108,서울,1912-05-24,17.1,11.3,23.7,,2.1,2
108,서울,1912-05-25,17.4,11.2,23.8,,2.4,2.1
108,서울,1912-05-26,17.4,13.5,23.5,2.4,4,2
108,서울,1912-05-27,16.7,13.2,20.6,27.5,6.7,3.7
108,서울,1912-05-28,14.4,6.9,21.8,0,3.4,2.8
108,서울,1912-05-29,15.8,8.2,23.8,,7.1,2.6
108,서울,1912-05-30,16.2,11.3,22.2,,3.7,2.8
108,서울,1912-05-31,16.7,14.2,20.5,6.6,3.4,2.5
108,서울,1912-06-01,18.1,12.3,27.4,,2.8,3.6
108,서울,1912-06-02,18.1,14.5,21.5,0,2.8,1.7
108,서울,1912-06-03,20.3,14.7,26,1.6,4.9,2.7
108,서울,1912-06-04,21.9,17.2,27.8,1.8,3,2.3
108,서울,1912-06-05,21.8,13.3,30,0,5.5,2.8
108,서울,1912-06-06,19.7,12.5,28.8,,3.6,2.3
108,서울,1912-06-07,21.1,16.3,26.1,0,2.4,2.3
108,서울,1912-06-08,18.1,14.9,23.7,29.1,7.3,5.3
108,서울,1912-06-09,18.2,14.5,22.8,.6,5.6,4.2
108,서울,1912-06-10,17.8,12.7,23.3,,4.3,3.2
108,서울,1912-06-11,19.4,13,25,0,3.2,1.7
108,서울,1912-06-12,20,14.4,26.5,.4,2.9,2.1
108,서울,1912-06-13,20.1,14.7,26.9,0,4.9,2.1
108,서울,1912-06-14,23.2,17.3,29,0,1.9,1.3
108,서울,1912-06-15,20,17.3,23.8,19.6,8.6,4.3
108,서울,1912-06-16,18.8,16,22.7,22.7,6.7,5.3
108,서울,1912-06-17,21.1,14.8,27.8,0,5.6,3
108,서울,1912-06-18,21.8,15.2,29.8,0,7.1,3.4
108,서울,1912-06-19,21.6,15.9,29.9,1.1,2.7,2.2
108,서울,1912-06-20,20.2,17.4,24,8.6,4.2,2.8
108,서울,1912-06-21,19.8,16.8,24.8,9,5.2,3.4
108,서울,1912-06-22,20.1,14.5,26.6,0,3.8,2.7
108,서울,1912-06-23,21.9,17.5,28.7,.3,2.7,2.7
108,서울,1912-06-24,21.6,18,25.3,5.3,8.9,3
108,서울,1912-06-25,23.3,19.1,29.3,,3.2,2.1
108,서울,1912-06-26,24.2,20.1,29.5,,3.2,3.1
108,서울,1912-06-27,22.7,18.4,28.2,0,5.6,2.8
108,서울,1912-06-28,22.1,17.4,28.8,,3,2.2
108,서울,1912-06-29,22,14.4,29.8,0,4.5,1.9
108,서울,1912-06-30,22,17.5,29.2,,3.8,3.5
108,서울,1912-07-01,23.8,16.2,31.2,,1.8,1.7
108,서울,1912-07-02,24.2,16.8,29.3,,6.1,4
108,서울,1912-07-03,23,16.3,29.6,,5.3,3.2
108,서울,1912-07-04,23.2,18.5,28.5,,5.3,3.1
108,서울,1912-07-05,24,17.7,30.4,0,6.8,3.1
108,서울,1912-07-06,24.5,19.3,31.4,9.7,8.1,2.5
108,서울,1912-07-07,23.8,19.8,28.7,,6.8,4.1
108,서울,1912-07-08,24.3,19.3,30,,2.2,2.8
108,서울,1912-07-09,25.7,20.5,29.6,0,7,2.5
108,서울,1912-07-10,23,21.3,27.5,55.5,5.7,3.5
108,서울,1912-07-11,24.7,21.1,29.8,,3.1,2.2
108,서울,1912-07-12,23.4,21.4,26.8,.9,2.6,2.2
108,서울,1912-07-13,24.4,19.9,27.8,0,2.4,1.2
108,서울,1912-07-14,19.9,18.4,24.7,89.4,5.1,4.6
108,서울,1912-07-15,20.8,18.2,23.3,3.8,2.6,2.1
108,서울,1912-07-16,21.9,19.1,25.9,1,2.7,1.6
108,서울,1912-07-17,24.8,21.2,28.8,6.6,4.9,2.1
108,서울,1912-07-18,23.3,20.8,26,165.5,9.7,5.2
108,서울,1912-07-19,23.4,21.4,28.1,1.2,4.4,2.7
108,서울,1912-07-20,25.4,21.7,29.9,.6,3.7,2.1
108,서울,1912-07-21,24.8,22.3,27.2,18.2,4.8,3.5
108,서울,1912-07-22,25,17.2,28,8.5,6.3,2.3
108,서울,1912-07-23,20.7,16.9,25,26.2,5.9,5.3
108,서울,1912-07-24,21.1,16.2,26.4,,5.9,4.8
108,서울,1912-07-25,22.8,16,28.3,,4.9,1.4
108,서울,1912-07-26,24.2,22,27.9,1,4.4,1.8
108,서울,1912-07-27,25,21.2,29.4,0,3.2,3
108,서울,1912-07-28,24.9,20.7,29.5,0,3.4,1.8
108,서울,1912-07-29,26.2,22.3,32.2,0,4.4,2.1
108,서울,1912-07-30,26,24,29,3.4,2.5,1.5
108,서울,1912-07-31,27.1,24.7,30.8,,5.2,3.5
108,서울,1912-08-01,26.2,23.7,31.5,.4,2.1,2.2
108,서울,1912-08-02,27,24,32,,3.7,2.5
108,서울,1912-08-03,26.9,23.7,32.2,0,3.2,2.6
108,서울,1912-08-04,27.3,23.4,32.7,,5.2,3
108,서울,1912-08-05,28.4,24,34,0,3.2,1.9
108,서울,1912-08-06,26.9,24,31,0,3.8,1.8
108,서울,1912-08-07,25.6,22.4,30.9,0,2.7,2
108,서울,1912-08-08,25.5,20,31,0,4.2,1.8
108,서울,1912-08-09,25.4,21.9,32.2,.8,3.7,2.3
108,서울,1912-08-10,27.1,21,33.2,0,2.4,1.6
108,서울,1912-08-11,27.6,21,33,1.8,3,2.2
108,서울,1912-08-12,26.2,23.4,31.3,1.2,7.7,3.3
108,서울,1912-08-13,26,23.1,30.6,2.4,5.6,3.9
108,서울,1912-08-14,26.2,21.8,31.5,0,4.4,.8
108,서울,1912-08-15,24.8,21.6,30.3,.1,7.4,1.9
108,서울,1912-08-16,22,21.4,24.9,34.4,5.1,3.3
108,서울,1912-08-17,21.3,19.2,24.9,69.4,7.5,4.6
108,서울,1912-08-18,20.3,19.1,21.5,10.3,3.7,3
108,서울,1912-08-19,19.3,17.7,20.3,80.4,9.5,6.4
108,서울,1912-08-20,22.1,18.9,23.4,21.7,8.5,6.5
108,서울,1912-08-21,22.8,19.9,27.2,10.5,6.1,4.2
108,서울,1912-08-22,23,19.6,26.9,.6,5,2.5
108,서울,1912-08-23,23.5,20.4,29,0,3.2,1.7
108,서울,1912-08-24,23.6,18.8,29.5,0,3.2,1.7
108,서울,1912-08-25,23.4,18.8,28.5,0,.9,1.2
108,서울,1912-08-26,23.9,20.4,27.5,0,.9,.8
108,서울,1912-08-27,25.3,23,28.5,,4.7,3.4
108,서울,1912-08-28,24.6,21.6,28.2,,5.5,4.8
108,서울,1912-08-29,23.4,19.4,29.2,0,3.2,2.3
108,서울,1912-08-30,24.1,20.2,29.3,0,3.4,2.1
108,서울,1912-08-31,23.1,19,29.4,,5.2,2.5
108,서울,1912-09-01,23.9,19.3,32.2,0,5.7,1.6
108,서울,1912-09-02,23.1,15.5,32.1,0,3.7,1.7
108,서울,1912-09-03,24.1,19.6,29.3,,4.6,1.9
108,서울,1912-09-04,22.7,19.3,26.4,3,4.2,2.5
108,서울,1912-09-05,21.2,20.1,22.7,10.7,4.3,2.5
108,서울,1912-09-06,21.4,19.7,23.5,10.8,3.6,1.9
108,서울,1912-09-07,20.9,17.4,26.7,.9,3.8,1.7
108,서울,1912-09-08,18.7,13,25.9,0,1.7,1.3
108,서울,1912-09-09,17.6,15.8,21.3,2.1,2.6,1.4
108,서울,1912-09-10,17.8,14.6,22.4,0,10.7,6.7
108,서울,1912-09-11,13.5,7.8,20.8,0,3.7,2.9
108,서울,1912-09-12,14.7,7.9,23.3,0,4,1.3
108,서울,1912-09-13,18.5,11.6,24.7,0,3.2,2.1
108,서울,1912-09-14,18.6,13,25.5,0,8.2,2.2
108,서울,1912-09-15,15.3,8.4,24.7,0,2.2,1.6
108,서울,1912-09-16,18.8,13.3,27,0,.7,2
108,서울,1912-09-17,15,9.4,23.3,0,3.8,1.4
108,서울,1912-09-18,16.1,8.7,24.6,0,3.2,1.5
108,서울,1912-09-19,17.7,9.6,24.3,0,4.6,2.8
108,서울,1912-09-20,16.3,11,23.5,,1.8,.8
108,서울,1912-09-21,15.7,10.6,23.2,0,.4,4.5
108,서울,1912-09-22,16.1,9.6,23.6,0,7,3.6
108,서울,1912-09-23,16.5,8.9,23.3,0,7.2,2.9
108,서울,1912-09-24,14.5,7.3,21.7,0,5.7,2.2
108,서울,1912-09-25,14.8,8.1,22.3,0,3.6,1.9
108,서울,1912-09-26,14.5,7.6,23,0,3,1.7
108,서울,1912-09-27,15.5,9.6,23.5,0,2.2,1.4
108,서울,1912-09-28,15.4,8.6,23.5,0,2.4,1.5
108,서울,1912-09-29,15.8,9.4,24,,2.8,1.4
108,서울,1912-09-30,16.9,9.6,24.6,,1.7,1.3
108,서울,1912-10-01,16.6,10.8,23.8,0,2.7,1.2
108,서울,1912-10-02,18.9,12.4,24.5,0,5.3,3.1
108,서울,1912-10-03,19.5,14.2,25.3,,4.6,2.7
108,서울,1912-10-04,16.8,7.8,25.7,0,4.1,2
108,서울,1912-10-05,18.5,12.4,25.4,0,4.2,1.9
108,서울,1912-10-06,11.6,4.3,20.2,18.7,7.2,5.2
108,서울,1912-10-07,9.3,1.1,14.8,0,6.6,2.9
108,서울,1912-10-08,11.3,8.1,15.3,4.6,6.2,2.1
108,서울,1912-10-09,10.7,6.2,15.9,6.5,3.9,2.8
108,서울,1912-10-10,7.2,3.7,11.2,3.8,5,2.8
108,서울,1912-10-11,8.3,1.4,16.3,0,2.2,1.2
108,서울,1912-10-12,9.6,2.1,17.1,,5.2,1.6
108,서울,1912-10-13,10.6,3,18.6,0,2.8,1.3
108,서울,1912-10-14,10.9,4.6,15.6,0,4.8,1.1
108,서울,1912-10-15,11.7,7.5,14.5,31.7,5.7,2.5
108,서울,1912-10-16,7.3,2,13.4,,4.5,3.7
108,서울,1912-10-17,7.6,-.6,16.5,0,4.1,1.4
108,서울,1912-10-18,10.2,2.1,17.9,,2.4,.9
108,서울,1912-10-19,11.5,3.4,19.2,0,2.2,1.6
108,서울,1912-10-20,12.4,3.7,18.7,.1,6.3,2
108,서울,1912-10-21,12.5,7.1,16.9,,3,2.7
108,서울,1912-10-22,3.3,-.1,8.6,,5,3.2
108,서울,1912-10-23,6.5,-1.2,11.8,,1.6,1
108,서울,1912-10-24,12.3,6.3,17.8,.6,3.5,2
108,서울,1912-10-25,12.3,7.6,18.5,2.9,9.3,2.7
108,서울,1912-10-26,7.6,1.2,17.1,0,2,.9
108,서울,1912-10-27,12,3.6,19.3,0,3.3,1.5
108,서울,1912-10-28,13.5,7.9,18.2,0,4.2,1.8
108,서울,1912-10-29,8.5,2.9,15,0,4.3,2.1
108,서울,1912-10-30,7.9,-.1,16.3,0,1.6,1.2
108,서울,1912-10-31,6.4,1.3,12.7,0,4.5,3
108,서울,1912-11-01,3.8,-2.6,11.7,0,4.4,1.4
108,서울,1912-11-02,6.9,-2.2,14.7,0,2.9,1.2
108,서울,1912-11-03,10,3.6,15.5,,2.5,1.6
108,서울,1912-11-04,13.6,9.4,16.5,4.7,4.7,1.9
108,서울,1912-11-05,7,3.4,13.5,,10,4.1
108,서울,1912-11-06,-1.4,-5.1,4.4,,7.2,5.9
108,서울,1912-11-07,-2.9,-7.8,2,,5.4,1.5
108,서울,1912-11-08,-4.2,-7.7,-.4,,9.7,4.4
108,서울,1912-11-09,-2.1,-6.2,.6,0,1.6,1.5
108,서울,1912-11-10,2.1,-4.7,6.7,.1,2.3,1.3
108,서울,1912-11-11,5,-1.2,10.9,3.1,2.2,2.4
108,서울,1912-11-12,4.9,0,10.2,,4.5,2.6
108,서울,1912-11-13,5.3,-1,11.8,0,2,1.1
108,서울,1912-11-14,-2.9,-6.5,7,.4,7.2,6.8
108,서울,1912-11-15,-5.6,-9.2,-1.7,,6.7,4
108,서울,1912-11-16,-1.6,-9.9,2.2,,3.4,2.1
108,서울,1912-11-17,6.8,1.3,11,,4.3,3.1
108,서울,1912-11-18,6,2.2,9.7,24.2,7.2,5.2
108,서울,1912-11-19,-1.3,-4.3,2.8,,8.3,4.7
108,서울,1912-11-20,-3.6,-6.6,-.1,,6.7,3
108,서울,1912-11-21,-3.2,-9.2,3.5,0,1.7,1.1
108,서울,1912-11-22,.4,-6,7.7,0,.7,1.2
108,서울,1912-11-23,2.1,-4.6,8.8,0,2.5,1.2
108,서울,1912-11-24,2.1,-3.1,9.3,0,6.2,2.6
108,서울,1912-11-25,-1.2,-6.1,4.6,,2.7,1.1
108,서울,1912-11-26,-.8,-4.6,4.5,,1.7,.6
108,서울,1912-11-27,-.3,-6.2,6.2,0,3.6,1.3
108,서울,1912-11-28,.2,-5.3,6.2,0,4.5,2.2
108,서울,1912-11-29,-3.3,-7.6,2.5,0,3.6,1.6
108,서울,1912-11-30,-1,-7.2,2.5,0,2.2,1.1
108,서울,1912-12-01,1.2,-1.3,4.8,.6,7.3,3.1
108,서울,1912-12-02,-.8,-7.3,3.7,,2.6,1.4
108,서울,1912-12-03,.9,-3.8,5.4,0,3.7,1.9
108,서울,1912-12-04,-.2,-6.1,5.8,0,3.2,1.2
108,서울,1912-12-05,2,-3.8,8.8,,2.8,1.2
108,서울,1912-12-06,1.4,-4.4,8.4,0,2.2,1
108,서울,1912-12-07,-.5,-6.2,6.7,.1,7,3.8
108,서울,1912-12-08,-7.9,-10.9,-4.8,,6.6,4.8
108,서울,1912-12-09,-7.6,-13,-1.6,0,1.8,2.2
108,서울,1912-12-10,-7.8,-14.2,-2.5,0,1.8,1
108,서울,1912-12-11,-2.8,-11.4,2.8,,1.4,.9
108,서울,1912-12-12,.6,-3.1,3.9,1.3,1.7,1.3
108,서울,1912-12-13,-1.5,-7.1,3.8,0,1.2,1
108,서울,1912-12-14,-.7,-3.2,2.4,0,2.4,1
108,서울,1912-12-15,-.5,-5.5,4,0,5.2,2
108,서울,1912-12-16,-1.4,-5.7,3.2,,5.4,2
108,서울,1912-12-17,-.1,-6.9,4.6,0,1.6,1.1
108,서울,1912-12-18,.4,-2.4,2.3,8.3,4,.8
108,서울,1912-12-19,-3,-6.4,2.3,0,1.7,2.3
108,서울,1912-12-20,-2.9,-7.1,1.7,,4.1,1.4
108,서울,1912-12-21,-3.2,-6.6,.8,,1.6,.9
108,서울,1912-12-22,-5.9,-11.2,-1.1,.1,6.4,3.5
108,서울,1912-12-23,-12.7,-15.4,-9.3,,8.1,4.5
108,서울,1912-12-24,-11.4,-18.6,-7.2,,3,1.4
108,서울,1912-12-25,-6.4,-9.5,-2.1,.5,2.1,2.4
108,서울,1912-12-26,-5.6,-12.8,-.7,0,8.2,2.4
108,서울,1912-12-27,-1.2,-3.7,1,5.1,10.2,5.9
108,서울,1912-12-28,-1.6,-5.1,1.8,,4.7,2.8
108,서울,1912-12-29,-3.2,-8.4,3.3,,1.7,1.7
108,서울,1912-12-30,-4.2,-10.4,.2,1,3.7,1.3
108,서울,1912-12-31,-8.1,-13.7,-4.4,,4.3,3
108,서울,1913-01-01,-9.6,-16.9,-4.2,,1.9,1.4
108,서울,1913-01-02,-2.4,-10.1,1,0,1.7,1.5
108,서울,1913-01-03,1.3,-2.6,6.3,0,4.9,2.5
108,서울,1913-01-04,-8.6,-17.8,-1.3,,9.2,5.2
108,서울,1913-01-05,-13.1,-18.8,-7.3,,3,1.7
108,서울,1913-01-06,-11.4,-17.7,-4.6,,2.4,1.3
108,서울,1913-01-07,-4.6,-10.3,-.6,0,3,2
108,서울,1913-01-08,-.3,-6.9,3.1,0,3.2,1.7
108,서울,1913-01-09,.1,-3.9,3.5,0,4.5,2.7
108,서울,1913-01-10,-5.2,-9.5,-1.3,,4.9,2.5
108,서울,1913-01-11,-7.6,-11,-2.6,17.3,5.8,3.3
108,서울,1913-01-12,-11.7,-18.2,-6.3,,4.4,1.9
108,서울,1913-01-13,-11.7,-17,-5.1,,2.7,1.1
108,서울,1913-01-14,-9,-18.9,-4.2,0,3.7,2.5
108,서울,1913-01-15,-1.7,-6.1,1.3,1.5,3.9,2.9
108,서울,1913-01-16,2,-3.2,5.1,0,4.1,2.3
108,서울,1913-01-17,.3,-3.2,2.7,.1,5.3,3.6
108,서울,1913-01-18,-2.9,-6.7,.8,,4.1,2.7
108,서울,1913-01-19,-3.9,-10.3,-.6,2.6,4.1,3
108,서울,1913-01-20,-.1,-2.5,3.6,0,2.6,1.3
108,서울,1913-01-21,.8,-5.6,4.5,0,5,3
108,서울,1913-01-22,1.7,-2.2,4.6,0,7.9,3.8
108,서울,1913-01-23,-4.4,-7.2,-.4,,5.1,3.8
108,서울,1913-01-24,-7.6,-10.4,-3.5,,4.9,2.8
108,서울,1913-01-25,-9.3,-14,-4,,2.5,1.7
108,서울,1913-01-26,-9.5,-15,-2.3,0,3.8,1.6
108,서울,1913-01-27,-6.9,-14.4,-.5,0,2.9,1.4
108,서울,1913-01-28,-2.7,-9.8,2.4,0,3.1,1.6
108,서울,1913-01-29,-6.3,-11.8,-.7,4.9,13.3,5.5
108,서울,1913-01-30,-10,-14,-3.5,,4.1,2.5
108,서울,1913-01-31,-3.7,-12.4,3.4,,4.7,2.6
108,서울,1913-02-01,-5.1,-11.5,3,0,2.6,1.1
108,서울,1913-02-02,-3,-9.2,2.7,,3.7,1.9
108,서울,1913-02-03,-.3,-7.5,4.4,,3.4,1.5
108,서울,1913-02-04,2.3,-.4,5.2,,2.7,1.4
108,서울,1913-02-05,1.9,-1.9,4.1,3.2,5,3.5
108,서울,1913-02-06,-8.3,-11.9,.3,0,8.5,5.4
108,서울,1913-02-07,-9.5,-13.3,-4.9,,6.2,3.4
108,서울,1913-02-08,-12.6,-17.5,-8.8,1.4,7.6,4.6
108,서울,1913-02-09,-15.9,-19.6,-12.1,,6.3,4.4
108,서울,1913-02-10,-12.7,-17.2,-9.5,,6,4.7
108,서울,1913-02-11,-6.4,-11.8,-1.6,,5.1,3.1
108,서울,1913-02-12,-4.3,-11.4,.3,,2.4,1.3
108,서울,1913-02-13,0,-4,4.6,,4.7,2.2
108,서울,1913-02-14,-1.6,-5.8,3.7,,4,1.8
108,서울,1913-02-15,-1.5,-7.2,4.4,.8,2.7,1.6
108,서울,1913-02-16,-3.3,-8.7,1.8,,4.7,2.7
108,서울,1913-02-17,-3.2,-9.4,3,0,3.3,1.3
108,서울,1913-02-18,.5,-6.3,6.8,,3.2,2
108,서울,1913-02-19,.3,-3.3,4.6,,6.6,3.5
108,서울,1913-02-20,.8,-5.6,8.7,,3.9,1.7
108,서울,1913-02-21,4.2,-3.3,11.5,.3,3.2,2
108,서울,1913-02-22,.3,-7,4.4,1.4,9.3,5.9
108,서울,1913-02-23,-5.7,-9.5,-1.4,,8.6,4.7
108,서울,1913-02-24,-3.8,-10.2,3.4,,4.1,1.4
108,서울,1913-02-25,-2.8,-8.6,3.2,0,7.5,3.8
108,서울,1913-02-26,-4.6,-7.9,-1.3,,9.1,6.5
108,서울,1913-02-27,-4.8,-10.2,-.7,.2,5.9,3.9
108,서울,1913-02-28,-4,-9.3,1.6,,6.8,4.1
108,서울,1913-03-01,-4.4,-7.5,-.6,,8.3,5.3
108,서울,1913-03-02,-5,-11.4,.9,,4.8,2.9
108,서울,1913-03-03,-1.8,-8.5,4.3,,7,3.6
108,서울,1913-03-04,-3.2,-7.2,1.2,,5.7,3.3
108,서울,1913-03-05,.1,-9.3,6.8,0,8,3.8
108,서울,1913-03-06,-1.9,-7.6,3.6,,9.5,4.9
108,서울,1913-03-07,-7.2,-12,-2.1,,8.1,4.7
108,서울,1913-03-08,-5,-10.8,.8,,6.9,2.8
108,서울,1913-03-09,-3.6,-10.2,3.3,,7,2.9
108,서울,1913-03-10,-2.5,-9.6,4.5,0,6,1.7
108,서울,1913-03-11,-1.4,-7.5,5.3,0,6,2.2
108,서울,1913-03-12,.4,-7.2,5.8,0,4.2,1.7
108,서울,1913-03-13,1.2,-2.8,6.1,.7,7.6,5.1
108,서울,1913-03-14,.1,-6.8,7.9,,5.3,2.6
108,서울,1913-03-15,2.7,-5.1,11.8,,3.1,1.7
108,서울,1913-03-16,7.1,.4,15.3,,3.8,1.7
108,서울,1913-03-17,8.5,-1.6,18.4,,3.8,1.8
108,서울,1913-03-18,9.9,5.7,16,,5.5,3.1
108,서울,1913-03-19,9.1,2.7,15.7,,5.1,2.2
108,서울,1913-03-20,6.2,2.6,8.4,0,5.3,3
108,서울,1913-03-21,3.9,.1,9.7,,8.1,4.4
108,서울,1913-03-22,2,-.6,6.2,,8.9,5.2
108,서울,1913-03-23,1.8,-3.9,7.6,,5.8,3.2
108,서울,1913-03-24,3.4,-1.8,9.8,,5.2,2
108,서울,1913-03-25,2.5,-.6,4.9,4.7,5.9,2.9
108,서울,1913-03-26,2.3,-3.1,8,,6.8,3
108,서울,1913-03-27,4.1,-2.5,10.9,.5,6.1,1.8
108,서울,1913-03-28,8.1,4,13.2,3.9,6.4,3.4
108,서울,1913-03-29,6.7,.6,14.2,0,5.6,2.2
108,서울,1913-03-30,7.3,-.6,15.1,,5.2,2.3
108,서울,1913-03-31,7.9,.9,16.8,,4.5,2.6
108,서울,1913-04-01,9.3,.7,18.1,,4.5,2
108,서울,1913-04-02,13.2,6.2,23,,5.5,2.1
108,서울,1913-04-03,12.6,3.5,23.5,,5.9,1.7
108,서울,1913-04-04,12.3,4.4,22.8,0,4.7,2.2
108,서울,1913-04-05,9.5,5.2,12,18.7,2.7,1.5
108,서울,1913-04-06,12.1,10,14.5,1.4,3.1,1.5
108,서울,1913-04-07,11.9,6.2,19.5,0,3.8,1.3
108,서울,1913-04-08,9.5,5.9,14.3,,3,1.7
108,서울,1913-04-09,8.2,2.8,14.8,,3,1.4
108,서울,1913-04-10,8.9,3,16,0,2.2,1.6
108,서울,1913-04-11,9.8,2.4,15.4,,6.9,2.7
108,서울,1913-04-12,9.7,6.1,14.2,11.5,5.9,4.4
108,서울,1913-04-13,8.8,1.4,16.1,,5,2.4
108,서울,1913-04-14,10.8,6,18.4,,5.3,2.3
108,서울,1913-04-15,9.5,3,16.7,,6.9,5.1
108,서울,1913-04-16,8.3,1.1,15.5,,5.9,1.5
108,서울,1913-04-17,8.4,2,15.2,,5.9,3.5
108,서울,1913-04-18,8.6,.9,16.6,,5,2.3
108,서울,1913-04-19,8.9,2.2,17.3,,5.7,2.4
108,서울,1913-04-20,11.2,5.3,19,,5.1,2.1
108,서울,1913-04-21,16.2,5.4,25.6,,3.3,1.7
108,서울,1913-04-22,14.2,10.8,18.2,39.6,6.9,4.5
108,서울,1913-04-23,8.5,6.5,14.3,8.1,8.9,7.5
108,서울,1913-04-24,10.9,4.6,15.3,7.5,4.3,2.2
108,서울,1913-04-25,14.5,11.4,17.7,27.5,3.7,2.5
108,서울,1913-04-26,14.1,11.5,16.8,5.1,4.8,3.1
108,서울,1913-04-27,12.1,8.5,17,6,5.7,2.8
108,서울,1913-04-28,10.5,6.5,15.7,,3.9,2.1
108,서울,1913-04-29,11.8,5.9,17.6,0,4.8,2.5
108,서울,1913-04-30,13.8,6.7,20.6,0,2.7,1.3
108,서울,1913-05-01,13.3,9.8,19.5,,7.1,3.1
108,서울,1913-05-02,11.7,9.3,15.3,2.8,2,1.6
108,서울,1913-05-03,12.9,8.2,19,.1,4.8,2.4
108,서울,1913-05-04,13.1,5.3,21.5,0,4.9,2.6
108,서울,1913-05-05,13.2,7,20.4,,4.9,2.2
108,서울,1913-05-06,14.1,6.7,20.8,,5,2.3
108,서울,1913-05-07,13,10.8,18.5,.3,6.3,3.4
108,서울,1913-05-08,13.7,8.9,19.5,,4.8,2.5
108,서울,1913-05-09,11.6,9.1,14.5,0,8.3,4.7
108,서울,1913-05-10,11.9,5.4,19.4,,6,3.4
108,서울,1913-05-11,12.7,5,20.1,,5.2,2.6
108,서울,1913-05-12,14.5,10.8,17.2,15.7,4.5,2
108,서울,1913-05-13,16.5,13,20.6,.3,3.8,3.3
108,서울,1913-05-14,14.1,10.4,19.5,22,3.9,2.9
108,서울,1913-05-15,11.5,10.1,16.8,10.6,4.1,1.5
108,서울,1913-05-16,12.8,10.1,17.5,.3,4,2.1
108,서울,1913-05-17,13.1,7.2,17.9,6.5,6.3,4.2
108,서울,1913-05-18,12.1,9.3,14.7,,3.2,2.4
108,서울,1913-05-19,14.2,10.6,20,0,5.9,2.3
108,서울,1913-05-20,11.8,7.7,16.9,0,8.3,3.7
108,서울,1913-05-21,12.8,6.7,20.2,0,4.4,2.4
108,서울,1913-05-22,14.6,7.6,21.6,0,5.2,2.6
108,서울,1913-05-23,15.2,8.2,23.3,,5.9,2.6
108,서울,1913-05-24,19.7,9.2,30,0,2.1,1.5
108,서울,1913-05-25,20.2,15.2,27.5,,5.6,3.1
108,서울,1913-05-26,16.9,13.8,21.9,0,5.9,4
108,서울,1913-05-27,16.6,12.3,23.1,,7.2,3.8
108,서울,1913-05-28,17.4,10.2,25.1,,4.9,2.5
108,서울,1913-05-29,15.2,13,19.9,,5.6,2.7
108,서울,1913-05-30,18.3,9.4,27.1,0,4.5,2.9
108,서울,1913-05-31,18.8,10.1,27,,4,1.9
108,서울,1913-06-01,20.6,14.2,27.4,,5.7,2.5
108,서울,1913-06-02,21.1,14,27.4,,1.9,1.5
108,서울,1913-06-03,20.6,18.5,24.2,4.3,4.6,2.3
108,서울,1913-06-04,20.8,17.1,26.4,5.7,4.5,1.9
108,서울,1913-06-05,22.5,17.5,27.7,.3,5,3
108,서울,1913-06-06,21.5,16.5,27.8,,5,2.9
108,서울,1913-06-07,20,16.7,25,,4.9,3.3
108,서울,1913-06-08,22.6,15.3,29.2,0,2.5,1.7
108,서울,1913-06-09,19.6,16,23.8,33.1,6.9,3
108,서울,1913-06-10,22,15.2,26.8,0,5.8,3.2
108,서울,1913-06-11,21.5,17,27.1,0,5,3.3
108,서울,1913-06-12,20.7,16.5,25.7,.6,4.3,2.6
108,서울,1913-06-13,22.4,16.8,28,,4.2,2.4
108,서울,1913-06-14,23.4,18.3,30.8,0,5.5,2.6
108,서울,1913-06-15,19.3,14.9,23.7,,5,2.3
108,서울,1913-06-16,18.6,17.1,21,13.1,4.7,3.4
108,서울,1913-06-17,19,16.7,22.8,.7,4.9,3
108,서울,1913-06-18,19.3,14.3,26.1,,4.8,2.1
108,서울,1913-06-19,18.6,16.4,23,0,4.1,2.4
108,서울,1913-06-20,20.6,16.3,27.1,,4.3,2.4
108,서울,1913-06-21,18.1,15.4,23.5,0,5.7,2.4
108,서울,1913-06-22,19.6,15.9,25.6,,9,4.7
108,서울,1913-06-23,21.1,13.3,26.9,0,2.7,1.8
108,서울,1913-06-24,21.3,17.1,25.1,3.4,5.3,3.5
108,서울,1913-06-25,19,15.7,23.6,10.4,3.8,2.7
108,서울,1913-06-26,19.5,16.6,23.8,0,4.3,3.2
108,서울,1913-06-27,17.3,14.9,20.8,16.6,8.5,2.6
108,서울,1913-06-28,17.2,14.8,19.7,50.5,7,5.2
108,서울,1913-06-29,19.1,15.7,23.6,.1,5.9,4.5
108,서울,1913-06-30,20.1,17.4,24.6,0,4.1,1.9
108,서울,1913-07-01,21.4,17.6,27.1,,4.8,2.6
108,서울,1913-07-02,21.2,15.9,26.7,.1,3.9,1.5
108,서울,1913-07-03,19.3,16.9,21.8,48.8,3.1,2.7
108,서울,1913-07-04,20.2,16.9,24,,7.6,4.8
108,서울,1913-07-05,19.6,13.7,25.1,0,6,3.7
108,서울,1913-07-06,21.8,18.2,27.7,,5.9,3.4
108,서울,1913-07-07,20.2,17.2,24.5,0,8,3.7
108,서울,1913-07-08,19.6,14.6,25.2,,5.6,4.3
108,서울,1913-07-09,19.2,13,26.1,,5.3,2.9
108,서울,1913-07-10,21,14.7,27.9,,4.3,1.9
108,서울,1913-07-11,22.8,15.1,29.5,0,4.1,2.4
108,서울,1913-07-12,20.8,19.4,23.7,2.4,2.8,1.6
108,서울,1913-07-13,21.4,19.4,22.2,57.7,4.1,2.4
108,서울,1913-07-14,23.7,19.8,28.4,16.4,3,1.7
108,서울,1913-07-15,24.1,21.5,29.1,,4.9,2.4
108,서울,1913-07-16,21.2,19.7,22.4,12.3,3.2,1.5
108,서울,1913-07-17,20.7,18.8,22.3,7.2,5.4,3.6
108,서울,1913-07-18,21.4,19.6,23.5,6.7,4.9,3.9
108,서울,1913-07-19,21.1,19.2,22.8,13.2,4.1,3.4
108,서울,1913-07-20,23.5,18.1,28.1,,3,2.2
108,서울,1913-07-21,23.7,21.1,27,26.8,4.9,3.2
108,서울,1913-07-22,20.5,19.2,23.2,67.9,8.5,4.4
108,서울,1913-07-23,21.2,18.4,25.3,11.5,4.5,3.6
108,서울,1913-07-24,23.3,20.1,29.1,0,4.2,2.6
108,서울,1913-07-25,24.7,20.9,30.3,0,6,2.9
108,서울,1913-07-26,24.8,20.7,30,0,4.4,2.6
108,서울,1913-07-27,25.3,20.5,30.3,0,4.2,2.5
108,서울,1913-07-28,26.1,22,30,0,4.9,2.3
108,서울,1913-07-29,24.6,23.7,26,37.9,4.9,3.4
108,서울,1913-07-30,25.9,21.8,30.7,17.2,3.3,3
108,서울,1913-07-31,27,23.7,29,0,3.9,2.1
108,서울,1913-08-01,26.2,23.1,31.7,0,2.2,1.9
108,서울,1913-08-02,25.6,22,31.5,0,3,2.1
108,서울,1913-08-03,22.8,17.4,28.9,,4.6,2.7
108,서울,1913-08-04,22.7,16.9,29.3,,3.1,1.8
108,서울,1913-08-05,22.5,17,29,0,5.4,2.3
108,서울,1913-08-06,23.3,17.6,29.8,0,4.3,2.3
108,서울,1913-08-07,24.4,19.4,31.5,0,5.1,2.4
108,서울,1913-08-08,25.1,19.6,31.7,0,5.9,2.3
108,서울,1913-08-09,24.2,19.1,30.1,,5.2,2.5
108,서울,1913-08-10,25.4,22.6,28.9,0,3.1,1.9
108,서울,1913-08-11,25,22.9,27.8,,3.5,2.4
108,서울,1913-08-12,24.5,22.9,25.7,4.6,3.4,2.1
108,서울,1913-08-13,25,23.2,27.1,23.8,5.4,4.2
108,서울,1913-08-14,24.5,21.9,29.2,0,4.5,3.1
108,서울,1913-08-15,24.2,18.5,31.4,0,4.9,2.1
108,서울,1913-08-16,24.4,18.5,29.5,0,4.3,2
108,서울,1913-08-17,25.9,24.3,28,34.5,8.6,4.9
108,서울,1913-08-18,25.6,23.3,29.9,68.5,5.2,3.7
108,서울,1913-08-19,24.3,21.8,27.9,,4.1,2.6
108,서울,1913-08-20,22.6,19.5,26.1,0,2.3,1.2
108,서울,1913-08-21,25.5,21.5,31.4,,4.9,3.4
108,서울,1913-08-22,24.5,19.2,30,,5.5,4.1
108,서울,1913-08-23,23,17.4,29.3,0,3.4,2
108,서울,1913-08-24,23.8,19.7,29.2,.1,4.7,1.9
108,서울,1913-08-25,22.9,18.7,28.4,,7,4.5
108,서울,1913-08-26,23.1,18.8,28.5,,5.1,3.1
108,서울,1913-08-27,21.8,17.1,28.8,,3.7,2.8
108,서울,1913-08-28,21.5,14.5,28.1,,4,2.3
108,서울,1913-08-29,22.5,18.9,27.3,.4,3.8,1.2
108,서울,1913-08-30,21.2,18.7,24.9,,5.1,2.5
108,서울,1913-08-31,20.4,14.4,26.9,0,7.2,3.1
108,서울,1913-09-01,19,12.4,26.5,0,4,2.4
108,서울,1913-09-02,18.9,12.5,26.6,,2.6,1.4
108,서울,1913-09-03,19.7,13.2,26.8,0,2.3,1.4
108,서울,1913-09-04,19.2,13.4,27.4,,3,1.9
108,서울,1913-09-05,19.6,13.9,25.1,0,2.2,1.1
108,서울,1913-09-06,21.3,17.3,27.1,,4.5,1.6
108,서울,1913-09-07,21.1,14.5,28.3,0,3.9,1.8
108,서울,1913-09-08,23.1,18.7,29,,4.7,2.2
108,서울,1913-09-09,21.8,14.5,28.9,0,3.2,1.3
108,서울,1913-09-10,23,18,29.5,,3.2,1.7
108,서울,1913-09-11,23.6,18.2,30,,3.5,1.3
108,서울,1913-09-12,22.6,18.4,28.4,,3.5,1.3
108,서울,1913-09-13,21.4,17.4,25.3,,2.7,1.5
108,서울,1913-09-14,19.1,14.7,24.6,,4.7,2.2
108,서울,1913-09-15,18.7,11.7,26.2,0,4,1.4
108,서울,1913-09-16,17.2,10.9,24.8,0,3,1.9
108,서울,1913-09-17,19.5,12.9,26.5,,3.3,1
108,서울,1913-09-18,19.8,13.4,26.8,0,3.4,1.3
108,서울,1913-09-19,16.9,14,21.5,15.9,2.7,1.3
108,서울,1913-09-20,16.7,12.5,21.3,,8.9,4.6
108,서울,1913-09-21,16.5,8,24.6,0,8.5,3.1
108,서울,1913-09-22,17.9,12.3,24.4,0,5.3,1.8
108,서울,1913-09-23,15.6,8.7,23.6,0,4.4,1.8
108,서울,1913-09-24,15.7,8,24.6,0,5,1.7
108,서울,1913-09-25,17.7,10.3,24.8,,1.9,1.1
108,서울,1913-09-26,17.4,14.9,21.2,0,3,1.4
108,서울,1913-09-27,17.4,11,23.5,2,5.8,1.9
108,서울,1913-09-28,18.4,13.9,25.5,1.6,3.5,1.6
108,서울,1913-09-29,19.7,14,25.1,,5.1,2.2
108,서울,1913-09-30,21.2,16.9,27.6,0,2.6,1.3
108,서울,1913-10-01,19.4,12.7,27,0,3.3,1.5
108,서울,1913-10-02,20.1,12.9,27.6,0,3.1,1.4
108,서울,1913-10-03,21.9,14.8,30.1,,6,1.8
108,서울,1913-10-04,15.2,12.4,18.7,.6,5.4,4.5
108,서울,1913-10-05,15.1,8.5,22.9,,2.6,1.6
108,서울,1913-10-06,16.9,11.5,22.4,,2.2,.8
108,서울,1913-10-07,18.7,13.3,25.9,0,3.2,1.4
108,서울,1913-10-08,18.1,11.7,24.8,,4,1.6
108,서울,1913-10-09,16.6,12.1,21.9,,3.5,1.8
108,서울,1913-10-10,15.9,10.5,23.7,0,2.2,.7
108,서울,1913-10-11,16.2,11.7,23.3,,3.7,1.4
108,서울,1913-10-12,16.2,9.6,22.5,,3.2,1.4
108,서울,1913-10-13,14.4,9.1,20.5,0,3.3,1.5
108,서울,1913-10-14,15.6,7,24.3,0,3,1.3
108,서울,1913-10-15,18.4,12.4,25.3,,5.9,3
108,서울,1913-10-16,13.2,9.7,18.3,9.8,5.2,3.8
108,서울,1913-10-17,10,6.1,16,,2.9,1.5
108,서울,1913-10-18,11.2,4.4,18.5,,2.7,1.2
108,서울,1913-10-19,11,4.1,18.9,0,5.4,1.4
108,서울,1913-10-20,10.5,7.6,13.4,15,3.2,2
108,서울,1913-10-21,8.5,5.4,12.4,,2.9,1.5
108,서울,1913-10-22,8.5,2.5,13.2,,2.6,1.3
108,서울,1913-10-23,6.4,2,12.6,,3.2,1.6
108,서울,1913-10-24,8.7,.2,16.9,,2.9,1.2
108,서울,1913-10-25,11,7.8,16.1,0,5.9,2.6
108,서울,1913-10-26,7.7,1.6,15,,3.2,1.5
108,서울,1913-10-27,6,-1,13.4,,2.8,.9
108,서울,1913-10-28,7.2,-.4,15.8,,2.6,.8
108,서울,1913-10-29,9.3,1.5,16.3,0,3.1,1.7
108,서울,1913-10-30,8.3,2.3,13.9,,4.2,1.9
108,서울,1913-10-31,6.3,.3,13.9,,4.1,1.7
108,서울,1913-11-01,5.4,-1.9,12,0,5.2,1.9
108,서울,1913-11-02,3.4,-3,12,,1.7,.9
108,서울,1913-11-03,4.4,-4.2,13.8,0,1.7,.6
108,서울,1913-11-04,7.9,.5,15.5,,3.2,1.1
108,서울,1913-11-05,8,.3,17.3,,1.4,.8
108,서울,1913-11-06,10.5,4,15.9,7.6,3.6,.8
108,서울,1913-11-07,4.7,1,10.3,0,4,2.7
108,서울,1913-11-08,3.1,-2,10,0,3.5,1.1
108,서울,1913-11-09,6.5,-2.9,13.9,.7,3.4,1.9
108,서울,1913-11-10,4.1,-.4,9.1,,3.9,2.8
108,서울,1913-11-11,6.8,-2.1,14.4,0,6.3,1.9
108,서울,1913-11-12,10,4.1,17.6,,2.9,1.2
108,서울,1913-11-13,4.8,-2.8,10.5,25.4,8.1,4.7
108,서울,1913-11-14,-.8,-6.2,3.2,,3.7,2.5
108,서울,1913-11-15,3.8,-2.3,11.2,0,3.9,2
108,서울,1913-11-16,5.7,-.4,13.6,0,2,1.1
108,서울,1913-11-17,7.6,.5,13.4,,1.3,1.1
108,서울,1913-11-18,8.6,4.5,14,,2.1,1.4
108,서울,1913-11-19,5.2,-.5,12.6,0,4,1.1
108,서울,1913-11-20,5.2,.1,11.4,,2.1,1.3
108,서울,1913-11-21,5.9,1.5,10.9,,5.9,2
108,서울,1913-11-22,4.4,-1.8,11.7,,4.5,1.7
108,서울,1913-11-23,6.7,-.7,13.8,0,4.8,1.8
108,서울,1913-11-24,4.5,-.8,9.9,,2.6,1.7
108,서울,1913-11-25,4.3,.5,10.4,,3.4,1.5
108,서울,1913-11-26,3.4,-.7,5.8,.1,2.3,1.2
108,서울,1913-11-27,3.4,-2.1,7.1,,4.5,2.5
108,서울,1913-11-28,-3.4,-6.5,.4,,4.1,3.2
108,서울,1913-11-29,-2.6,-8.9,3.6,,2.1,1.1
108,서울,1913-11-30,5.6,-3.6,11.5,,5.2,3
108,서울,1913-12-01,5.6,.9,10.9,,3,1.8
108,서울,1913-12-02,1.8,-3.9,5.5,0,6.2,3.5
108,서울,1913-12-03,-5.3,-7.6,-2.2,,6.2,4.9
108,서울,1913-12-04,-5.1,-9.3,-.6,,5,3.8
108,서울,1913-12-05,-2.2,-9.4,3,2.6,2.6,1.6
108,서울,1913-12-06,.9,-2.2,6.4,1.7,.9,1.2
108,서울,1913-12-07,.6,-3.3,6.1,,1.5,1.5
108,서울,1913-12-08,.5,-5.1,6.6,0,1.4,1
108,서울,1913-12-09,3.3,-1.7,9.5,,1.7,1
108,서울,1913-12-10,3.4,.1,5.9,.2,2.2,.9
108,서울,1913-12-11,4.2,2.3,6.4,0,1.7,1.2
108,서울,1913-12-12,4.8,-.8,9.9,0,5.7,2.3
108,서울,1913-12-13,-4.5,-8.2,2.2,,7.9,6.2
108,서울,1913-12-14,-6.3,-10.9,-3.1,,4.1,1.5
108,서울,1913-12-15,-1.7,-6.8,2.4,1.5,2.9,2
108,서울,1913-12-16,-1.5,-5.2,.4,3.5,5.4,2.4
108,서울,1913-12-17,-9.2,-12.2,-3.6,,5.5,4.3
108,서울,1913-12-18,-12,-16.9,-6.9,,2.4,1.2
108,서울,1913-12-19,-9.8,-16.3,-4.2,0,2.4,1.4
108,서울,1913-12-20,-3.2,-10.7,1.4,.6,1.9,1
108,서울,1913-12-21,1.2,-4,3.6,2.3,4.7,2.6
108,서울,1913-12-22,-2.8,-7.7,.1,0,4.1,1.8
108,서울,1913-12-23,-5.7,-7.9,-1.8,0,4.5,3.4
108,서울,1913-12-24,-3.9,-12,1.4,0,2,1.1
108,서울,1913-12-25,1.5,-2.6,7.1,,5.1,1.6
108,서울,1913-12-26,.6,-3.8,6.3,,2.9,1
108,서울,1913-12-27,-.6,-4.9,4.6,0,2.4,1.2
108,서울,1913-12-28,-1.7,-5.6,1.6,0,2.3,1.6
108,서울,1913-12-29,.4,-6.2,4.6,1.9,5.9,3
108,서울,1913-12-30,-5.6,-9.1,0,.2,6.2,5.5
108,서울,1913-12-31,-6.1,-12.4,-2.1,0,2.7,1.6
